start_id,end_id,start_name,end_name,start_coordinate,end_coordinate,route,linear_distance,route,distance,trip duration,distance_value(km),time_value(min)
66,69,師範大學公館校區,興豐公園,"25.007528,121.537188","24.999837,121.547778",途經汀州路四段,1.3669861202199585,途經汀州路四段,2.2 公里,8 分,2.2,8.0
66,94,師範大學公館校區,捷運景美站,"25.007528,121.537188","24.993254,121.541059",途經汀洲路四段和景福街,1.628745540284632,途經汀洲路四段和景福街,2.0 公里,7 分,2.0,7.0
66,98,師範大學公館校區,羅斯福景隆街口,"25.007528,121.537188","24.999378,121.540197",途經汀州路四段,0.9525287891630767,途經汀州路四段,1.5 公里,6 分,1.5,6.0
66,104,師範大學公館校區,台北花木批發市場,"25.007528,121.537188","25.004023,121.54074",途經汀州路四段,0.5284969887272768,途經汀州路四段,1.3 公里,5 分,1.3,5.0
66,141,師範大學公館校區,文山行政中心,"25.007528,121.537188","24.989902,121.569984",途經汀洲路四段,3.8436365783056554,途經汀洲路四段,9.1 公里,28 分,9.1,28.0
66,142,師範大學公館校區,捷運木柵站,"25.007528,121.537188","24.997996,121.57444",途經汀洲路四段,3.905934455588813,途經汀洲路四段,9.6 公里,28 分,9.6,28.0
66,143,師範大學公館校區,捷運動物園站(2號出口),"25.007528,121.537188","24.997659,121.578752",途經新光路二段,4.335882304561805,途經新光路二段,10.0 公里,31 分,10.0,31.0
66,144,師範大學公館校區,國立政治大學,"25.007528,121.537188","24.988363,121.576536",途經汀州路四段和汀洲路四段,4.503969140534476,途經汀州路四段和汀洲路四段,9.4 公里,29 分,9.4,29.0
66,151,師範大學公館校區,考試院,"25.007528,121.537188","24.987507,121.549827",途經汀洲路四段,2.558626483284296,途經汀洲路四段,4.5 公里,14 分,4.5,14.0
66,166,師範大學公館校區,臺北市立景美女中,"25.007528,121.537188","24.980602,121.556177",途經汀洲路四段,3.545606746591444,途經汀洲路四段,6.6 公里,20 分,6.6,20.0
66,171,師範大學公館校區,文山運動中心,"25.007528,121.537188","24.996842,121.559651",途經汀州路四段,2.5579697817332248,途經汀州路四段,3.7 公里,15 分,3.7,15.0
66,205,師範大學公館校區,木柵光輝路口,"25.007528,121.537188","24.988241,121.55561",途經汀洲路四段,2.8325151184152264,途經汀洲路四段,5.0 公里,15 分,5.0,15.0
66,206,師範大學公館校區,捷運辛亥站,"25.007528,121.537188","25.005386,121.55716",途經辛亥路四段,2.0299845538793684,途經辛亥路四段,3.9 公里,14 分,3.9,14.0
66,228,師範大學公館校區,捷運萬芳社區站,"25.007528,121.537188","24.998811,121.56789",途經萬芳路,3.2462282059259855,途經萬芳路,4.6 公里,18 分,4.6,18.0
66,247,師範大學公館校區,木柵公園,"25.007528,121.537188","24.987144,121.560627",途經106縣道,3.270708394273443,途經106縣道,5.7 公里,18 分,5.7,18.0
66,262,師範大學公館校區,永安藝文館-表演36房,"25.007528,121.537188","24.984144,121.569064",途經汀洲路四段,4.131004335025701,途經汀洲路四段,8.0 公里,24 分,8.0,24.0
66,272,師範大學公館校區,忠順區民活動中心,"25.007528,121.537188","24.984707,121.563125",途經汀洲路四段,3.639596498654895,途經汀洲路四段,7.5 公里,23 分,7.5,23.0
66,296,師範大學公館校區,萬和二號公園,"25.007528,121.537188","25.001545,121.536446",途經汀州路四段和汀洲路四段/溪洲街,0.666973745872243,途經汀州路四段和汀洲路四段/溪洲街,800 公尺,3 分,0.8,3.0
66,315,師範大學公館校區,捷運萬隆站(1號出口),"25.007528,121.537188","25.001447,121.539037",途經汀州路四段,0.6989914672070701,途經汀州路四段,1.0 公里,4 分,1.0,4.0
66,335,師範大學公館校區,景文中學,"25.007528,121.537188","24.986301,121.567855",途經汀洲路四段,3.8876273417633644,途經汀洲路四段,7.8 公里,24 分,7.8,24.0
66,369,師範大學公館校區,世新大學,"25.007528,121.537188","24.98862,121.54361",途經汀洲路四段,2.1925349763157573,途經汀洲路四段,2.9 公里,9 分,2.9,9.0
66,383,師範大學公館校區,一壽橋,"25.007528,121.537188","24.97848,121.55545",途經汀洲路四段,3.7084815439811534,途經汀洲路四段,6.5 公里,19 分,6.5,19.0
66,385,師範大學公館校區,和興路26巷口,"25.007528,121.537188","24.9856,121.54531",途經汀洲路四段,2.5636831888212006,途經汀洲路四段,3.5 公里,10 分,3.5,10.0
66,388,師範大學公館校區,景華街128巷口,"25.007528,121.537188","24.995563,121.547092",途經汀洲路四段,1.6602029666168885,途經汀洲路四段,2.5 公里,9 分,2.5,9.0
66,391,師範大學公館校區,景仁公園,"25.007528,121.537188","24.9966,121.540295",途經汀州路四段和萬隆街,1.250499298918887,途經汀州路四段和萬隆街,1.7 公里,6 分,1.7,6.0
69,94,興豐公園,捷運景美站,"24.999837,121.547778","24.993254,121.541059",途經景華街,0.9959180232668042,途經景華街,1.4 公里,7 分,1.4,7.0
69,98,興豐公園,羅斯福景隆街口,"24.999837,121.547778","24.999378,121.540197",途經興隆路二段,0.7669921982375156,途經興隆路二段,1.2 公里,5 分,1.2,5.0
69,104,興豐公園,台北花木批發市場,"24.999837,121.547778","25.004023,121.54074",途經景豐街,0.8484038387025846,途經景豐街,1.1 公里,4 分,1.1,4.0
69,141,興豐公園,文山行政中心,"24.999837,121.547778","24.989902,121.569984",途經106縣道,2.4973560945783606,途經106縣道,4.0 公里,16 分,4.0,16.0
69,142,興豐公園,捷運木柵站,"24.999837,121.547778","24.997996,121.57444",途經萬芳路,2.699269608639184,途經萬芳路,3.6 公里,14 分,3.6,14.0
69,143,興豐公園,捷運動物園站(2號出口),"24.999837,121.547778","24.997659,121.578752",途經106縣道,3.1361536999056785,途經106縣道,5.2 公里,19 分,5.2,19.0
69,144,興豐公園,國立政治大學,"24.999837,121.547778","24.988363,121.576536",途經興隆路三段和106縣道,3.169287806664037,途經興隆路三段和106縣道,4.6 公里,17 分,4.6,17.0
69,151,興豐公園,考試院,"24.999837,121.547778","24.987507,121.549827",途經景隆街,1.3814041809783593,途經景隆街,5.0 公里,16 分,5.0,16.0
69,166,興豐公園,臺北市立景美女中,"24.999837,121.547778","24.980602,121.556177",途經景隆街,2.293241085593391,途經景隆街,7.1 公里,23 分,7.1,23.0
69,171,興豐公園,文山運動中心,"24.999837,121.547778","24.996842,121.559651",途經仙岩路,1.2436645326458495,途經仙岩路,1.7 公里,7 分,1.7,7.0
69,205,興豐公園,木柵光輝路口,"24.999837,121.547778","24.988241,121.55561",途經景興路,1.5083662654976866,途經景興路,4.0 公里,14 分,4.0,14.0
69,206,興豐公園,捷運辛亥站,"24.999837,121.547778","25.005386,121.55716",途經興隆路二段,1.129077832128691,途經興隆路二段,1.5 公里,8 分,1.5,8.0
69,228,興豐公園,捷運萬芳社區站,"24.999837,121.547778","24.998811,121.56789",途經興隆路三段和萬芳路,2.0334978604927922,途經興隆路三段和萬芳路,2.8 公里,11 分,2.8,11.0
69,247,興豐公園,木柵公園,"24.999837,121.547778","24.987144,121.560627",途經106縣道,1.9130110762777144,途經106縣道,3.1 公里,13 分,3.1,13.0
69,262,興豐公園,永安藝文館-表演36房,"24.999837,121.547778","24.984144,121.569064",途經景興路,2.7640417268611404,途經景興路,7.0 公里,23 分,7.0,23.0
69,272,興豐公園,忠順區民活動中心,"24.999837,121.547778","24.984707,121.563125",途經忠順街一段,2.282437558363158,途經忠順街一段,3.6 公里,15 分,3.6,15.0
69,296,興豐公園,萬和二號公園,"24.999837,121.547778","25.001545,121.536446",途經景豐街,1.159500417607401,途經景豐街,1.6 公里,6 分,1.6,6.0
69,315,興豐公園,捷運萬隆站(1號出口),"24.999837,121.547778","25.001447,121.539037",途經景豐街,0.9002426021918005,途經景豐街,1.4 公里,6 分,1.4,6.0
69,335,興豐公園,景文中學,"24.999837,121.547778","24.986301,121.567855",途經景興路,2.521217771157716,途經景興路,6.7 公里,23 分,6.7,23.0
69,369,興豐公園,世新大學,"24.999837,121.547778","24.98862,121.54361",途經景興路,1.3118526665275705,途經景興路,1.7 公里,7 分,1.7,7.0
69,383,興豐公園,一壽橋,"24.999837,121.547778","24.97848,121.55545",途經景隆街,2.4893414531609674,途經景隆街,7.1 公里,22 分,7.1,22.0
69,385,興豐公園,和興路26巷口,"24.999837,121.547778","24.9856,121.54531",途經景興路和景文街,1.5966329150603422,途經景興路和景文街,2.9 公里,11 分,2.9,11.0
69,388,興豐公園,景華街128巷口,"24.999837,121.547778","24.995563,121.547092",途經興隆路二段,0.47848136770094957,途經興隆路二段,950 公尺,3 分,0.95,3.0
69,391,興豐公園,景仁公園,"24.999837,121.547778","24.9966,121.540295",途經興隆路二段和景興路46巷,0.8362019518277041,途經興隆路二段和景興路46巷,1.3 公里,5 分,1.3,5.0
94,98,捷運景美站,羅斯福景隆街口,"24.993254,121.541059","24.999378,121.540197",途經羅斯福路六段159巷1弄和羅斯福路六段/台9線,0.683931601202127,途經羅斯福路六段159巷1弄和羅斯福路六段/台9線,750 公尺,3 分,0.75,3.0
94,104,捷運景美站,台北花木批發市場,"24.993254,121.541059","25.004023,121.54074",途經台9線,1.193347589025144,途經台9線,1.5 公里,5 分,1.5,5.0
94,141,捷運景美站,文山行政中心,"24.993254,121.541059","24.989902,121.569984",途經景文街,2.9436923600951315,途經景文街,7.6 公里,24 分,7.6,24.0
94,142,捷運景美站,捷運木柵站,"24.993254,121.541059","24.997996,121.57444",途經木柵路四段/106縣道,3.4106276577451777,途經木柵路四段/106縣道,8.1 公里,25 分,8.1,25.0
94,143,捷運景美站,捷運動物園站(2號出口),"24.993254,121.541059","24.997659,121.578752",途經新光路二段,3.836409719963615,途經新光路二段,8.5 公里,28 分,8.5,28.0
94,144,捷運景美站,國立政治大學,"24.993254,121.541059","24.988363,121.576536",途經景美街和景文街,3.6224184504326633,途經景美街和景文街,7.9 公里,26 分,7.9,26.0
94,151,捷運景美站,考試院,"24.993254,121.541059","24.987507,121.549827",途經景文街,1.0903445760963946,途經景文街,3.0 公里,10 分,3.0,10.0
94,166,捷運景美站,臺北市立景美女中,"24.993254,121.541059","24.980602,121.556177",途經景文街,2.072162872657578,途經景文街,5.1 公里,17 分,5.1,17.0
94,171,捷運景美站,文山運動中心,"24.993254,121.541059","24.996842,121.559651",途經興隆路二段,1.918559325786219,途經興隆路二段,2.7 公里,10 分,2.7,10.0
94,205,捷運景美站,木柵光輝路口,"24.993254,121.541059","24.988241,121.55561",途經木柵路一段/106縣道,1.57048571678685,途經木柵路一段/106縣道,3.5 公里,12 分,3.5,12.0
94,206,捷運景美站,捷運辛亥站,"24.993254,121.541059","25.005386,121.55716",途經興隆路二段,2.109029081974668,途經興隆路二段,2.8 公里,11 分,2.8,11.0
94,228,捷運景美站,捷運萬芳社區站,"24.993254,121.541059","24.998811,121.56789",途經興隆路二段,2.7777438374456893,途經興隆路二段,3.6 公里,13 分,3.6,13.0
94,247,捷運景美站,木柵公園,"24.993254,121.541059","24.987144,121.560627",途經106縣道,2.0882713693300716,途經106縣道,4.2 公里,15 分,4.2,15.0
94,262,捷運景美站,永安藝文館-表演36房,"24.993254,121.541059","24.984144,121.569064",途經景文街,3.0020592659045526,途經景文街,6.6 公里,21 分,6.6,21.0
94,272,捷運景美站,忠順區民活動中心,"24.993254,121.541059","24.984707,121.563125",途經景文街,2.42060143006974,途經景文街,6.0 公里,20 分,6.0,20.0
94,296,捷運景美站,萬和二號公園,"24.993254,121.541059","25.001545,121.536446",途經羅斯福路六段/台9線,1.0297381209420404,途經羅斯福路六段/台9線,1.3 公里,4 分,1.3,4.0
94,315,捷運景美站,捷運萬隆站(1號出口),"24.993254,121.541059","25.001447,121.539037",途經羅斯福路六段/台9線,0.9302343064389189,途經羅斯福路六段/台9線,1.3 公里,5 分,1.3,5.0
94,335,捷運景美站,景文中學,"24.993254,121.541059","24.986301,121.567855",途經景文街,2.812786012462028,途經景文街,6.3 公里,20 分,6.3,20.0
94,369,捷運景美站,世新大學,"24.993254,121.541059","24.98862,121.54361",途經景後街和景美街,0.5743052761063269,途經景後街和景美街,1.3 公里,5 分,1.3,5.0
94,383,捷運景美站,一壽橋,"24.993254,121.541059","24.97848,121.55545",途經景文街,2.188457294560184,途經景文街,5.0 公里,16 分,5.0,16.0
94,385,捷運景美站,和興路26巷口,"24.993254,121.541059","24.9856,121.54531",途經景文街,0.9502888230990864,途經景文街,2.0 公里,7 分,2.0,7.0
94,388,捷運景美站,景華街128巷口,"24.993254,121.541059","24.995563,121.547092",途經景華街,0.6605860757706967,途經景華街,800 公尺,3 分,0.8,3.0
94,391,捷運景美站,景仁公園,"24.993254,121.541059","24.9966,121.540295",途經羅斯福路六段/台9線,0.37858580944209663,途經羅斯福路六段/台9線,450 公尺,2 分,0.45,2.0
98,104,羅斯福景隆街口,台北花木批發市場,"24.999378,121.540197","25.004023,121.54074",途經台9線和興隆路一段,0.5174517275311137,途經台9線和興隆路一段,800 公尺,3 分,0.8,3.0
98,141,羅斯福景隆街口,文山行政中心,"24.999378,121.540197","24.989902,121.569984",途經景文街,3.185069871017785,途經景文街,8.1 公里,26 分,8.1,26.0
98,142,羅斯福景隆街口,捷運木柵站,"24.999378,121.540197","24.997996,121.57444",途經木柵路四段/106縣道,3.4602587735408217,途經木柵路四段/106縣道,8.5 公里,27 分,8.5,27.0
98,143,羅斯福景隆街口,捷運動物園站(2號出口),"24.999378,121.540197","24.997659,121.578752",途經新光路二段,3.8968325643316972,途經新光路二段,9.0 公里,30 分,9.0,30.0
98,144,羅斯福景隆街口,國立政治大學,"24.999378,121.540197","24.988363,121.576536",途經景美街和景文街,3.8661965192965515,途經景美街和景文街,8.4 公里,28 分,8.4,28.0
98,151,羅斯福景隆街口,考試院,"24.999378,121.540197","24.987507,121.549827",途經景福街,1.6353461473118114,途經景福街,4.2 公里,14 分,4.2,14.0
98,166,羅斯福景隆街口,臺北市立景美女中,"24.999378,121.540197","24.980602,121.556177",途經景福街,2.632229826620142,途經景福街,6.3 公里,20 分,6.3,20.0
98,171,羅斯福景隆街口,文山運動中心,"24.999378,121.540197","24.996842,121.559651",途經景華街,1.9839028894400201,途經景華街,2.9 公里,11 分,2.9,11.0
98,205,羅斯福景隆街口,木柵光輝路口,"24.999378,121.540197","24.988241,121.55561",途經景福街和木柵路一段/106縣道,1.9857395249811,途經景福街和木柵路一段/106縣道,4.7 公里,15 分,4.7,15.0
98,206,羅斯福景隆街口,捷運辛亥站,"24.999378,121.540197","25.005386,121.55716",途經興隆路二段203巷和興隆路二段,1.8371659138189067,途經興隆路二段203巷和興隆路二段,2.8 公里,12 分,2.8,12.0
98,228,羅斯福景隆街口,捷運萬芳社區站,"24.999378,121.540197","24.998811,121.56789",途經萬芳路,2.7963367871472906,途經萬芳路,3.7 公里,15 分,3.7,15.0
98,247,羅斯福景隆街口,木柵公園,"24.999378,121.540197","24.987144,121.560627",途經景福街和106縣道,2.467904342713326,途經景福街和106縣道,5.4 公里,18 分,5.4,18.0
98,262,羅斯福景隆街口,永安藝文館-表演36房,"24.999378,121.540197","24.984144,121.569064",途經景文街,3.3676344616659084,途經景文街,7.0 公里,23 分,7.0,23.0
98,272,羅斯福景隆街口,忠順區民活動中心,"24.999378,121.540197","24.984707,121.563125",途經景文街,2.8282664610465025,途經景文街,6.5 公里,22 分,6.5,22.0
98,296,羅斯福景隆街口,萬和二號公園,"24.999378,121.540197","25.001545,121.536446",途經台9線和羅斯福路五段218巷,0.4483377387580812,途經台9線和羅斯福路五段218巷,650 公尺,3 分,0.65,3.0
98,315,羅斯福景隆街口,捷運萬隆站(1號出口),"24.999378,121.540197","25.001447,121.539037",途經萬隆街52巷,0.25737222339129234,途經萬隆街52巷,650 公尺,3 分,0.65,3.0
98,335,羅斯福景隆街口,景文中學,"24.999378,121.540197","24.986301,121.567855",途經景文街,3.1456274600009686,途經景文街,6.8 公里,22 分,6.8,22.0
98,369,羅斯福景隆街口,世新大學,"24.999378,121.540197","24.98862,121.54361",途經景興路,1.240506010268291,途經景興路,1.9 公里,7 分,1.9,7.0
98,383,羅斯福景隆街口,一壽橋,"24.999378,121.540197","24.97848,121.55545",途經景福街,2.7803374842035797,途經景福街,6.2 公里,20 分,6.2,20.0
98,385,羅斯福景隆街口,和興路26巷口,"24.999378,121.540197","24.9856,121.54531",途經景福街,1.6111551745002404,途經景福街,3.2 公里,10 分,3.2,10.0
98,388,羅斯福景隆街口,景華街128巷口,"24.999378,121.540197","24.995563,121.547092",途經景隆街和景興路,0.8143071140218036,途經景隆街和景興路,1.2 公里,4 分,1.2,4.0
98,391,羅斯福景隆街口,景仁公園,"24.999378,121.540197","24.9966,121.540295",途經羅斯福路六段159巷1弄,0.3078859852215925,途經羅斯福路六段159巷1弄,500 公尺,3 分,0.5,3.0
104,141,台北花木批發市場,文山行政中心,"25.004023,121.54074","24.989902,121.569984",途經汀洲路四段,3.3410501144159723,途經汀洲路四段,9.1 公里,29 分,9.1,29.0
104,142,台北花木批發市場,捷運木柵站,"25.004023,121.54074","24.997996,121.57444",途經木柵路四段/106縣道,3.46688117262324,途經木柵路四段/106縣道,9.6 公里,30 分,9.6,30.0
104,143,台北花木批發市場,捷運動物園站(2號出口),"25.004023,121.54074","24.997659,121.578752",途經新光路二段,3.9015062910414384,途經新光路二段,10.0 公里,33 分,10.0,33.0
104,144,台北花木批發市場,國立政治大學,"25.004023,121.54074","24.988363,121.576536",途經羅斯福路五段218巷和汀洲路四段,4.00851224151294,途經羅斯福路五段218巷和汀洲路四段,9.4 公里,31 分,9.4,31.0
104,151,台北花木批發市場,考試院,"25.004023,121.54074","24.987507,121.549827",途經興隆路二段和興隆路三段,2.046635345874733,途經興隆路二段和興隆路三段,4.6 公里,16 分,4.6,16.0
104,166,台北花木批發市場,臺北市立景美女中,"25.004023,121.54074","24.980602,121.556177",途經汀洲路四段,3.0265106810225784,途經汀洲路四段,6.6 公里,22 分,6.6,22.0
104,171,台北花木批發市場,文山運動中心,"25.004023,121.54074","24.996842,121.559651",途經興隆路一段和興隆路二段,2.0681558737308623,途經興隆路一段和興隆路二段,2.5 公里,9 分,2.5,9.0
104,205,台北花木批發市場,木柵光輝路口,"25.004023,121.54074","24.988241,121.55561",途經木柵路一段/106縣道,2.304297673387619,途經木柵路一段/106縣道,5.0 公里,17 分,5.0,17.0
104,206,台北花木批發市場,捷運辛亥站,"25.004023,121.54074","25.005386,121.55716",途經興隆路一段和興隆路二段,1.6643996290734293,途經興隆路一段和興隆路二段,2.6 公里,10 分,2.6,10.0
104,228,台北花木批發市場,捷運萬芳社區站,"25.004023,121.54074","24.998811,121.56789",途經萬芳路,2.8009133841548595,途經萬芳路,3.7 公里,14 分,3.7,14.0
104,247,台北花木批發市場,木柵公園,"25.004023,121.54074","24.987144,121.560627",途經106縣道,2.7434705003685433,途經106縣道,5.7 公里,20 分,5.7,20.0
104,262,台北花木批發市場,永安藝文館-表演36房,"25.004023,121.54074","24.984144,121.569064",途經汀洲路四段,3.6090820857605173,途經汀洲路四段,8.0 公里,26 分,8.0,26.0
104,272,台北花木批發市場,忠順區民活動中心,"25.004023,121.54074","24.984707,121.563125",途經汀洲路四段,3.1121179970435007,途經汀洲路四段,7.5 公里,25 分,7.5,25.0
104,296,台北花木批發市場,萬和二號公園,"25.004023,121.54074","25.001545,121.536446",途經興隆路一段、羅斯福路五段/台9線和羅斯福路五段218巷,0.5130729468090834,途經興隆路一段、羅斯福路五段/台9線和羅斯福路五段218巷,750 公尺,3 分,0.75,3.0
104,315,台北花木批發市場,捷運萬隆站(1號出口),"25.004023,121.54074","25.001447,121.539037",途經興隆路一段和羅斯福路五段/台9線,0.3331361862724037,途經興隆路一段和羅斯福路五段/台9線,550 公尺,2 分,0.55,2.0
104,335,台北花木批發市場,景文中學,"25.004023,121.54074","24.986301,121.567855",途經保儀路,3.3685326054704103,途經保儀路,7.8 公里,25 分,7.8,25.0
104,369,台北花木批發市場,世新大學,"25.004023,121.54074","24.98862,121.54361",途經汀洲路四段,1.7306590612425892,途經汀洲路四段,2.9 公里,11 分,2.9,11.0
104,383,台北花木批發市場,一壽橋,"25.004023,121.54074","24.97848,121.55545",途經汀洲路四段,3.1955214608330347,途經汀洲路四段,6.5 公里,21 分,6.5,21.0
104,385,台北花木批發市場,和興路26巷口,"25.004023,121.54074","24.9856,121.54531",途經汀洲路四段,2.0922681588890004,途經汀洲路四段,3.5 公里,12 分,3.5,12.0
104,388,台北花木批發市場,景華街128巷口,"25.004023,121.54074","24.995563,121.547092",途經興隆路一段和景華街,1.1355229656038759,途經興隆路一段和景華街,1.5 公里,6 分,1.5,6.0
104,391,台北花木批發市場,景仁公園,"25.004023,121.54074","24.9966,121.540295",途經台9線,0.8234933773548415,途經台9線,1.0 公里,5 分,1.0,5.0
141,142,文山行政中心,捷運木柵站,"24.989902,121.569984","24.997996,121.57444",途經木柵路四段/106縣道,1.0031214790073493,途經木柵路四段/106縣道,1.1 公里,4 分,1.1,4.0
141,143,文山行政中心,捷運動物園站(2號出口),"24.989902,121.569984","24.997659,121.578752",途經新光路二段,1.2336410583698914,途經新光路二段,1.4 公里,6 分,1.4,6.0
141,144,文山行政中心,國立政治大學,"24.989902,121.569984","24.988363,121.576536",途經指南路二段,0.6830981875343253,途經指南路二段,1.2 公里,6 分,1.2,6.0
141,151,文山行政中心,考試院,"24.989902,121.569984","24.987507,121.549827",途經木柵路三段、106縣道和試院路,2.05225726322518,途經木柵路三段、106縣道和試院路,2.5 公里,9 分,2.5,9.0
141,166,文山行政中心,臺北市立景美女中,"24.989902,121.569984","24.980602,121.556177",途經木柵路三段和木新路三段,1.7333420887055804,途經木柵路三段和木新路三段,2.4 公里,9 分,2.4,9.0
141,171,文山行政中心,文山運動中心,"24.989902,121.569984","24.996842,121.559651",途經興隆路三段,1.2958422618658592,途經興隆路三段,2.2 公里,8 分,2.2,8.0
141,205,文山行政中心,木柵光輝路口,"24.989902,121.569984","24.988241,121.55561",途經木柵路三段,1.462802543330149,途經木柵路三段,1.6 公里,6 分,1.6,6.0
141,206,文山行政中心,捷運辛亥站,"24.989902,121.569984","25.005386,121.55716",途經106縣道,2.1489406634167594,途經106縣道,4.2 公里,16 分,4.2,16.0
141,228,文山行政中心,捷運萬芳社區站,"24.989902,121.569984","24.998811,121.56789",途經木柵路四段/106縣道和萬芳路,1.0092629260467707,途經木柵路四段/106縣道和萬芳路,1.4 公里,6 分,1.4,6.0
141,247,文山行政中心,木柵公園,"24.989902,121.569984","24.987144,121.560627",途經木柵路三段,0.9928509748671338,途經木柵路三段,1.3 公里,6 分,1.3,6.0
141,262,文山行政中心,永安藝文館-表演36房,"24.989902,121.569984","24.984144,121.569064",途經木新路二段,0.6445567870462594,途經木新路二段,1.0 公里,4 分,1.0,4.0
141,272,文山行政中心,忠順區民活動中心,"24.989902,121.569984","24.984707,121.563125",途經木柵路三段,0.9003878917957661,途經木柵路三段,1.3 公里,5 分,1.3,5.0
141,296,文山行政中心,萬和二號公園,"24.989902,121.569984","25.001545,121.536446",途經木柵路三段,3.623108220298129,途經木柵路三段,8.4 公里,26 分,8.4,26.0
141,315,文山行政中心,捷運萬隆站(1號出口),"24.989902,121.569984","25.001447,121.539037",途經羅斯福路五段218巷,3.3758278249072853,途經羅斯福路五段218巷,8.8 公里,28 分,8.8,28.0
141,335,文山行政中心,景文中學,"24.989902,121.569984","24.986301,121.567855",途經木柵路三段和木柵路三段102巷,0.4531180055730548,途經木柵路三段和木柵路三段102巷,550 公尺,3 分,0.55,3.0
141,369,文山行政中心,世新大學,"24.989902,121.569984","24.98862,121.54361",途經木柵路三段,2.6664733249913968,途經木柵路三段,6.2 公里,19 分,6.2,19.0
141,383,文山行政中心,一壽橋,"24.989902,121.569984","24.97848,121.55545",途經木柵路三段,1.9375493093746086,途經木柵路三段,3.9 公里,12 分,3.9,12.0
141,385,文山行政中心,和興路26巷口,"24.989902,121.569984","24.9856,121.54531",途經木柵路三段,2.5362611854131183,途經木柵路三段,5.9 公里,18 分,5.9,18.0
141,388,文山行政中心,景華街128巷口,"24.989902,121.569984","24.995563,121.547092",途經景興路,2.394650462889831,途經景興路,7.8 公里,24 分,7.8,24.0
141,391,文山行政中心,景仁公園,"24.989902,121.569984","24.9966,121.540295",途經景文街,3.087738952240016,途經景文街,7.5 公里,24 分,7.5,24.0
142,143,捷運木柵站,捷運動物園站(2號出口),"24.997996,121.57444","24.997659,121.578752",途經106縣道和新光路二段,0.436902186807925,途經106縣道和新光路二段,2.1 公里,6 分,2.1,6.0
142,144,捷運木柵站,國立政治大學,"24.997996,121.57444","24.988363,121.576536",途經木柵路四段/106縣道,1.0878525997184953,途經木柵路四段/106縣道,1.9 公里,7 分,1.9,7.0
142,151,捷運木柵站,考試院,"24.997996,121.57444","24.987507,121.549827",途經萬芳路和106縣道,2.7430609254099414,途經萬芳路和106縣道,4.1 公里,13 分,4.1,13.0
142,166,捷運木柵站,臺北市立景美女中,"24.997996,121.57444","24.980602,121.556177",途經木柵路四段/106縣道,2.666856537900189,途經木柵路四段/106縣道,4.5 公里,14 分,4.5,14.0
142,171,捷運木柵站,文山運動中心,"24.997996,121.57444","24.996842,121.559651",途經和平東路四段和萬芳路,1.4984446769047859,途經和平東路四段和萬芳路,2.2 公里,10 分,2.2,10.0
142,205,捷運木柵站,木柵光輝路口,"24.997996,121.57444","24.988241,121.55561",途經木柵路四段/106縣道和木柵路三段,2.1866544126975676,途經木柵路四段/106縣道和木柵路三段,2.7 公里,10 分,2.7,10.0
142,206,捷運木柵站,捷運辛亥站,"24.997996,121.57444","25.005386,121.55716",途經106縣道和興隆路三段,1.926923614747868,途經106縣道和興隆路三段,4.4 公里,14 分,4.4,14.0
142,228,捷運木柵站,捷運萬芳社區站,"24.997996,121.57444","24.998811,121.56789",途經和平東路四段,0.6673662657138644,途經和平東路四段,1.4 公里,7 分,1.4,7.0
142,247,捷運木柵站,木柵公園,"24.997996,121.57444","24.987144,121.560627",途經106縣道,1.8411165669024159,途經106縣道,2.2 公里,9 分,2.2,9.0
142,262,捷運木柵站,永安藝文館-表演36房,"24.997996,121.57444","24.984144,121.569064",途經木柵路四段/106縣道,1.6275846381846448,途經木柵路四段/106縣道,2.4 公里,8 分,2.4,8.0
142,272,捷運木柵站,忠順區民活動中心,"24.997996,121.57444","24.984707,121.563125",途經106縣道,1.8632972166537458,途經106縣道,2.5 公里,9 分,2.5,9.0
142,296,捷運木柵站,萬和二號公園,"24.997996,121.57444","25.001545,121.536446",途經木柵路四段/106縣道,3.8555999418443827,途經木柵路四段/106縣道,8.9 公里,27 分,8.9,27.0
142,315,捷運木柵站,捷運萬隆站(1號出口),"24.997996,121.57444","25.001447,121.539037",途經木柵路四段/106縣道,3.5943305687564155,途經木柵路四段/106縣道,9.3 公里,29 分,9.3,29.0
142,335,捷運木柵站,景文中學,"24.997996,121.57444","24.986301,121.567855",途經木柵路四段/106縣道和木柵路三段,1.4561061461229012,途經木柵路四段/106縣道和木柵路三段,1.6 公里,5 分,1.6,5.0
142,369,捷運木柵站,世新大學,"24.997996,121.57444","24.98862,121.54361",途經木柵路四段/106縣道,3.2811747649342475,途經木柵路四段/106縣道,6.7 公里,20 分,6.7,20.0
142,383,捷運木柵站,一壽橋,"24.997996,121.57444","24.97848,121.55545",途經木柵路四段/106縣道,2.889516146821435,途經木柵路四段/106縣道,4.5 公里,13 分,4.5,13.0
142,385,捷運木柵站,和興路26巷口,"24.997996,121.57444","24.9856,121.54531",途經木柵路四段/106縣道,3.2456486613527917,途經木柵路四段/106縣道,6.4 公里,19 分,6.4,19.0
142,388,捷運木柵站,景華街128巷口,"24.997996,121.57444","24.995563,121.547092",途經106縣道和興隆路三段,2.7739784183087663,途經106縣道和興隆路三段,5.0 公里,17 分,5.0,17.0
142,391,捷運木柵站,景仁公園,"24.997996,121.57444","24.9966,121.540295",途經景文街,3.450483138111703,途經景文街,8.0 公里,25 分,8.0,25.0
143,144,捷運動物園站(2號出口),國立政治大學,"24.997659,121.578752","24.988363,121.576536",途經新光路二段,1.053765639807564,途經新光路二段,1.8 公里,6 分,1.8,6.0
143,151,捷運動物園站(2號出口),考試院,"24.997659,121.578752","24.987507,121.549827",途經木柵路三段,3.1292110183136477,途經木柵路三段,3.9 公里,15 分,3.9,15.0
143,166,捷運動物園站(2號出口),臺北市立景美女中,"24.997659,121.578752","24.980602,121.556177",途經新光路二段,2.9604968427133334,途經新光路二段,5.0 公里,15 分,5.0,15.0
143,171,捷運動物園站(2號出口),文山運動中心,"24.997659,121.578752","24.996842,121.559651",途經木柵路三段,1.930413187249146,途經木柵路三段,3.6 公里,13 分,3.6,13.0
143,205,捷運動物園站(2號出口),木柵光輝路口,"24.997659,121.578752","24.988241,121.55561",途經新光路二段,2.5586675771821916,途經新光路二段,3.7 公里,14 分,3.7,14.0
143,206,捷運動物園站(2號出口),捷運辛亥站,"24.997659,121.578752","25.005386,121.55716",途經萬寧街,2.341724725141758,途經萬寧街,5.7 公里,25 分,5.7,25.0
143,228,捷運動物園站(2號出口),捷運萬芳社區站,"24.997659,121.578752","24.998811,121.56789",途經新光路二段和萬芳路,1.1039359570195892,途經新光路二段和萬芳路,2.3 公里,8 分,2.3,8.0
143,247,捷運動物園站(2號出口),木柵公園,"24.997659,121.578752","24.987144,121.560627",途經新光路二段和秀明路一段/106縣道,2.169099091640803,途經新光路二段和秀明路一段/106縣道,2.6 公里,10 分,2.6,10.0
143,262,捷運動物園站(2號出口),永安藝文館-表演36房,"24.997659,121.578752","24.984144,121.569064",途經新光路二段和萬壽橋,1.7882738109068506,途經新光路二段和萬壽橋,2.8 公里,9 分,2.8,9.0
143,272,捷運動物園站(2號出口),忠順區民活動中心,"24.997659,121.578752","24.984707,121.563125",途經新光路二段和木新路二段,2.1324765792451594,途經新光路二段和木新路二段,2.8 公里,9 分,2.8,9.0
143,296,捷運動物園站(2號出口),萬和二號公園,"24.997659,121.578752","25.001545,121.536446",途經新光路二段,4.292447079408919,途經新光路二段,9.4 公里,28 分,9.4,28.0
143,315,捷運動物園站(2號出口),捷運萬隆站(1號出口),"24.997659,121.578752","25.001447,121.539037",途經新光路二段,4.03114558260329,途經新光路二段,9.8 公里,30 分,9.8,30.0
143,335,捷運動物園站(2號出口),景文中學,"24.997659,121.578752","24.986301,121.567855",途經新光路二段和指南路一段,1.671296868656799,途經新光路二段和指南路一段,2.1 公里,8 分,2.1,8.0
143,369,捷運動物園站(2號出口),世新大學,"24.997659,121.578752","24.98862,121.54361",途經新光路二段,3.6863709205025916,途經新光路二段,7.2 公里,21 分,7.2,21.0
143,383,捷運動物園站(2號出口),一壽橋,"24.997659,121.578752","24.97848,121.55545",途經新光路二段,3.169875227133232,途經新光路二段,4.9 公里,15 分,4.9,15.0
143,385,捷運動物園站(2號出口),和興路26巷口,"24.997659,121.578752","24.9856,121.54531",途經新光路二段,3.6308569373549915,途經新光路二段,6.9 公里,20 分,6.9,20.0
143,388,捷運動物園站(2號出口),景華街128巷口,"24.997659,121.578752","24.995563,121.547092",途經新光路二段,3.2045895622358995,途經新光路二段,8.8 公里,27 分,8.8,27.0
143,391,捷運動物園站(2號出口),景仁公園,"24.997659,121.578752","24.9966,121.540295",途經新光路二段,3.8840996930177085,途經新光路二段,8.5 公里,26 分,8.5,26.0
144,151,國立政治大學,考試院,"24.988363,121.576536","24.987507,121.549827",途經指南路二段,2.6982058345021476,途經指南路二段,5.2 公里,16 分,5.2,16.0
144,166,國立政治大學,臺北市立景美女中,"24.988363,121.576536","24.980602,121.556177",途經指南路二段,2.2280438734474495,途經指南路二段,4.0 公里,13 分,4.0,13.0
144,171,國立政治大學,文山運動中心,"24.988363,121.576536","24.996842,121.559651",途經106縣道,1.9462755361719062,途經106縣道,3.2 公里,11 分,3.2,11.0
144,205,國立政治大學,木柵光輝路口,"24.988363,121.576536","24.988241,121.55561",途經106縣道,2.112724778828652,途經106縣道,2.7 公里,9 分,2.7,9.0
144,206,國立政治大學,捷運辛亥站,"24.988363,121.576536","25.005386,121.55716",途經萬寧街,2.7169792772265686,途經萬寧街,5.7 公里,26 分,5.7,26.0
144,228,國立政治大學,捷運萬芳社區站,"24.988363,121.576536","24.998811,121.56789",途經萬芳路,1.4496043395478948,途經萬芳路,2.2 公里,8 分,2.2,8.0
144,247,國立政治大學,木柵公園,"24.988363,121.576536","24.987144,121.560627",途經秀明路一段/106縣道,1.6118402473061562,途經秀明路一段/106縣道,2.4 公里,11 分,2.4,11.0
144,262,國立政治大學,永安藝文館-表演36房,"24.988363,121.576536","24.984144,121.569064",途經木新路二段,0.8874174019169471,途經木新路二段,1.1 公里,5 分,1.1,5.0
144,272,國立政治大學,忠順區民活動中心,"24.988363,121.576536","24.984707,121.563125",途經木新路二段,1.4132584577635432,途經木新路二段,1.8 公里,8 分,1.8,8.0
144,296,國立政治大學,萬和二號公園,"24.988363,121.576536","25.001545,121.536446",途經指南路二段,4.302612337581886,途經指南路二段,8.5 公里,26 分,8.5,26.0
144,315,國立政治大學,捷運萬隆站(1號出口),"24.988363,121.576536","25.001447,121.539037",途經羅斯福路五段218巷,4.053642707824356,途經羅斯福路五段218巷,8.9 公里,28 分,8.9,28.0
144,335,國立政治大學,景文中學,"24.988363,121.576536","24.986301,121.567855",途經秀明路二段和木柵路三段,0.9057126717895801,途經秀明路二段和木柵路三段,1.7 公里,6 分,1.7,6.0
144,369,國立政治大學,世新大學,"24.988363,121.576536","24.98862,121.54361",途經恆光橋,3.3243141100249898,途經恆光橋,6.7 公里,22 分,6.7,22.0
144,383,國立政治大學,一壽橋,"24.988363,121.576536","24.97848,121.55545",途經指南路二段,2.393910872440428,途經指南路二段,4.0 公里,12 分,4.0,12.0
144,385,國立政治大學,和興路26巷口,"24.988363,121.576536","24.9856,121.54531",途經恆光橋,3.1674216451788317,途經恆光橋,6.4 公里,20 分,6.4,20.0
144,388,國立政治大學,景華街128巷口,"24.988363,121.576536","24.995563,121.547092",途經恆光橋和景興路,3.0777048862436365,途經恆光橋和景興路,8.3 公里,27 分,8.3,27.0
144,391,國立政治大學,景仁公園,"24.988363,121.576536","24.9966,121.540295",途經恆光橋和景文街,3.770812246172595,途經恆光橋和景文街,8.0 公里,27 分,8.0,27.0
151,166,考試院,臺北市立景美女中,"24.987507,121.549827","24.980602,121.556177",途經木柵路一段/106縣道,0.998037433806531,途經木柵路一段/106縣道,1.9 公里,7 分,1.9,7.0
151,171,考試院,文山運動中心,"24.987507,121.549827","24.996842,121.559651",途經106縣道和興隆路三段,1.4328113027175473,途經106縣道和興隆路三段,2.2 公里,8 分,2.2,8.0
151,205,考試院,木柵光輝路口,"24.987507,121.549827","24.988241,121.55561",途經木柵路一段/106縣道,0.589485887145107,途經木柵路一段/106縣道,750 公尺,3 分,0.75,3.0
151,206,考試院,捷運辛亥站,"24.987507,121.549827","25.005386,121.55716",途經景興路和興隆路二段,2.1143407152480496,途經景興路和興隆路二段,4.5 公里,18 分,4.5,18.0
151,228,考試院,捷運萬芳社區站,"24.987507,121.549827","24.998811,121.56789",途經106縣道,2.2120857890497994,途經106縣道,3.5 公里,12 分,3.5,12.0
151,247,考試院,木柵公園,"24.987507,121.549827","24.987144,121.560627",途經下崙路,1.0911139765666042,途經下崙路,1.5 公里,7 分,1.5,7.0
151,262,考試院,永安藝文館-表演36房,"24.987507,121.549827","24.984144,121.569064",途經木柵路一段76巷,1.9776038154807132,途經木柵路一段76巷,4.2 公里,14 分,4.2,14.0
151,272,考試院,忠順區民活動中心,"24.987507,121.549827","24.984707,121.563125",途經106縣道,1.3779464623423003,途經106縣道,1.9 公里,8 分,1.9,8.0
151,296,考試院,萬和二號公園,"24.987507,121.549827","25.001545,121.536446",途經106縣道和台9線,2.059847540552118,途經106縣道和台9線,3.4 公里,13 分,3.4,13.0
151,315,考試院,捷運萬隆站(1號出口),"24.987507,121.549827","25.001447,121.539037",途經106縣道,1.8897208081187906,途經106縣道,3.5 公里,13 分,3.5,13.0
151,335,考試院,景文中學,"24.987507,121.549827","24.986301,121.567855",途經忠順街一段,1.825017136675233,途經忠順街一段,2.5 公里,9 分,2.5,9.0
151,369,考試院,世新大學,"24.987507,121.549827","24.98862,121.54361",途經木柵路一段59巷和木柵路一段,0.639661402195024,途經木柵路一段59巷和木柵路一段,1.0 公里,4 分,1.0,4.0
151,383,考試院,一壽橋,"24.987507,121.549827","24.97848,121.55545",途經木柵路一段76巷,1.1498676645812125,途經木柵路一段76巷,2.6 公里,10 分,2.6,10.0
151,385,考試院,和興路26巷口,"24.987507,121.549827","24.9856,121.54531",途經木柵路一段59巷,0.5025906606797582,途經木柵路一段59巷,800 公尺,4 分,0.8,4.0
151,388,考試院,景華街128巷口,"24.987507,121.549827","24.995563,121.547092",途經106縣道和台9線,0.934126568772462,途經106縣道和台9線,3.0 公里,11 分,3.0,11.0
151,391,考試院,景仁公園,"24.987507,121.549827","24.9966,121.540295",途經106縣道和台9線,1.3930622446008063,途經106縣道和台9線,2.6 公里,10 分,2.6,10.0
166,171,臺北市立景美女中,文山運動中心,"24.980602,121.556177","24.996842,121.559651",途經辛亥路七段和106縣道,1.8328204144622386,途經辛亥路七段和106縣道,2.9 公里,10 分,2.9,10.0
166,205,臺北市立景美女中,木柵光輝路口,"24.980602,121.556177","24.988241,121.55561",途經辛亥路七段,0.848126472167639,途經辛亥路七段,1.5 公里,5 分,1.5,5.0
166,206,臺北市立景美女中,捷運辛亥站,"24.980602,121.556177","25.005386,121.55716",途經興隆路三段,2.7471856788336106,途經興隆路三段,4.3 公里,15 分,4.3,15.0
166,228,臺北市立景美女中,捷運萬芳社區站,"24.980602,121.556177","24.998811,121.56789",途經木新路三段,2.338141075624483,途經木新路三段,4.0 公里,13 分,4.0,13.0
166,247,臺北市立景美女中,木柵公園,"24.980602,121.556177","24.987144,121.560627",途經辛亥路七段和106縣道,0.8526498265116108,途經辛亥路七段和106縣道,2.1 公里,8 分,2.1,8.0
166,262,臺北市立景美女中,永安藝文館-表演36房,"24.980602,121.556177","24.984144,121.569064",途經木新路二段,1.3590001209829712,途經木新路二段,1.5 公里,5 分,1.5,5.0
166,272,臺北市立景美女中,忠順區民活動中心,"24.980602,121.556177","24.984707,121.563125",途經木新路三段,0.8359865717100112,途經木新路三段,1.1 公里,5 分,1.1,5.0
166,296,臺北市立景美女中,萬和二號公園,"24.980602,121.556177","25.001545,121.536446",途經樟新街8巷,3.0577809681547174,途經樟新街8巷,6.0 公里,19 分,6.0,19.0
166,315,臺北市立景美女中,捷運萬隆站(1號出口),"24.980602,121.556177","25.001447,121.539037",途經羅斯福路五段218巷,2.885492757288683,途經羅斯福路五段218巷,6.4 公里,20 分,6.4,20.0
166,335,臺北市立景美女中,景文中學,"24.980602,121.556177","24.986301,121.567855",途經木新路三段和忠順街二段,1.3374218436256489,途經木新路三段和忠順街二段,1.7 公里,6 分,1.7,6.0
166,369,臺北市立景美女中,世新大學,"24.980602,121.556177","24.98862,121.54361",途經樟新街8巷,1.5487746316024107,途經樟新街8巷,3.8 公里,12 分,3.8,12.0
166,383,臺北市立景美女中,一壽橋,"24.980602,121.556177","24.97848,121.55545",途經一壽街,0.24625375216296413,途經一壽街,400 公尺,1 分,0.4,1.0
166,385,臺北市立景美女中,和興路26巷口,"24.980602,121.556177","24.9856,121.54531",途經木新路三段,1.2289472004312587,途經木新路三段,4.7 公里,13 分,4.7,13.0
166,388,臺北市立景美女中,景華街128巷口,"24.980602,121.556177","24.995563,121.547092",途經景興路,1.894158927006256,途經景興路,5.4 公里,17 分,5.4,17.0
166,391,臺北市立景美女中,景仁公園,"24.980602,121.556177","24.9966,121.540295",途經景文街,2.389874029004425,途經景文街,5.1 公里,17 分,5.1,17.0
171,205,文山運動中心,木柵光輝路口,"24.996842,121.559651","24.988241,121.55561",途經興隆路三段和106縣道,1.0364264498402218,途經興隆路三段和106縣道,1.4 公里,5 分,1.4,5.0
171,206,文山運動中心,捷運辛亥站,"24.996842,121.559651","25.005386,121.55716",途經興隆路三段和興德路,0.9792803422619949,途經興隆路三段和興德路,1.7 公里,7 分,1.7,7.0
171,228,文山運動中心,捷運萬芳社區站,"24.996842,121.559651","24.998811,121.56789",途經萬芳路,0.8598652197407848,途經萬芳路,900 公尺,4 分,0.9,4.0
171,247,文山運動中心,木柵公園,"24.996842,121.559651","24.987144,121.560627",途經興隆路三段和興隆路四段,1.0787836400990163,途經興隆路三段和興隆路四段,1.2 公里,5 分,1.2,5.0
171,262,文山運動中心,永安藝文館-表演36房,"24.996842,121.559651","24.984144,121.569064",途經萬芳路,1.697528498470571,途經萬芳路,3.5 公里,12 分,3.5,12.0
171,272,文山運動中心,忠順區民活動中心,"24.996842,121.559651","24.984707,121.563125",途經興隆路三段,1.3892286836507741,途經興隆路三段,1.7 公里,7 分,1.7,7.0
171,296,文山運動中心,萬和二號公園,"24.996842,121.559651","25.001545,121.536446",途經興隆路三段,2.399792010574056,途經興隆路三段,3.1 公里,12 分,3.1,12.0
171,315,文山運動中心,捷運萬隆站(1號出口),"24.996842,121.559651","25.001447,121.539037",途經興隆路三段,2.1426083342777904,途經興隆路三段,2.9 公里,12 分,2.9,12.0
171,335,文山運動中心,景文中學,"24.996842,121.559651","24.986301,121.567855",途經萬芳路,1.4315793825575747,途經萬芳路,2.7 公里,10 分,2.7,10.0
171,369,文山運動中心,世新大學,"24.996842,121.559651","24.98862,121.54361",途經興隆路三段和106縣道,1.8579775874346418,途經興隆路三段和106縣道,3.6 公里,12 分,3.6,12.0
171,383,文山運動中心,一壽橋,"24.996842,121.559651","24.97848,121.55545",途經106縣道和辛亥路七段,2.0777582599532507,途經106縣道和辛亥路七段,3.0 公里,10 分,3.0,10.0
171,385,文山運動中心,和興路26巷口,"24.996842,121.559651","24.9856,121.54531",途經興隆路二段和景興路,1.9097111028644307,途經興隆路二段和景興路,3.9 公里,15 分,3.9,15.0
171,388,文山運動中心,景華街128巷口,"24.996842,121.559651","24.995563,121.547092",途經興隆路三段和興隆路二段,1.2757625301101918,途經興隆路三段和興隆路二段,2.5 公里,9 分,2.5,9.0
171,391,文山運動中心,景仁公園,"24.996842,121.559651","24.9966,121.540295",途經興隆路三段和興隆路二段,1.9542256716263284,途經興隆路三段和興隆路二段,2.8 公里,11 分,2.8,11.0
205,206,木柵光輝路口,捷運辛亥站,"24.988241,121.55561","25.005386,121.55716",途經興隆路三段,1.9056355374359546,途經興隆路三段,2.9 公里,10 分,2.9,10.0
205,228,木柵光輝路口,捷運萬芳社區站,"24.988241,121.55561","24.998811,121.56789",途經106縣道和萬芳路,1.7052472985118032,途經106縣道和萬芳路,2.8 公里,9 分,2.8,9.0
205,247,木柵光輝路口,木柵公園,"24.988241,121.55561","24.987144,121.560627",途經興隆路四段46巷,0.5208896763861609,途經興隆路四段46巷,700 公尺,3 分,0.7,3.0
205,262,木柵光輝路口,永安藝文館-表演36房,"24.988241,121.55561","24.984144,121.569064",途經106縣道,1.432144816087446,途經106縣道,2.6 公里,8 分,2.6,8.0
205,272,木柵光輝路口,忠順區民活動中心,"24.988241,121.55561","24.984707,121.563125",途經下崙路,0.853762153430504,途經下崙路,1.2 公里,5 分,1.2,5.0
205,296,木柵光輝路口,萬和二號公園,"24.988241,121.55561","25.001545,121.536446",途經興隆路三段和興隆路二段,2.4320506996484275,途經興隆路三段和興隆路二段,4.3 公里,14 分,4.3,14.0
205,315,木柵光輝路口,捷運萬隆站(1號出口),"24.988241,121.55561","25.001447,121.539037",途經興隆路三段,2.222451821328901,途經興隆路三段,4.3 公里,15 分,4.3,15.0
205,335,木柵光輝路口,景文中學,"24.988241,121.55561","24.986301,121.567855",途經106縣道和興隆路四段105巷,1.2548001016196535,途經106縣道和興隆路四段105巷,1.6 公里,7 分,1.6,7.0
205,369,木柵光輝路口,世新大學,"24.988241,121.55561","24.98862,121.54361",途經木柵路一段,1.2122416974351544,途經木柵路一段,1.3 公里,4 分,1.3,4.0
205,383,木柵光輝路口,一壽橋,"24.988241,121.55561","24.97848,121.55545",途經辛亥路七段,1.0813723908078157,途經辛亥路七段,1.6 公里,6 分,1.6,6.0
205,385,木柵光輝路口,和興路26巷口,"24.988241,121.55561","24.9856,121.54531",途經木柵路一段/106縣道和木柵路一段76巷,1.0802636449137755,途經木柵路一段/106縣道和木柵路一段76巷,1.9 公里,6 分,1.9,6.0
205,388,木柵光輝路口,景華街128巷口,"24.988241,121.55561","24.995563,121.547092",途經興隆路三段,1.182100033805463,途經興隆路三段,3.5 公里,12 分,3.5,12.0
205,391,木柵光輝路口,景仁公園,"24.988241,121.55561","24.9966,121.540295",途經興隆路三段和興隆路二段,1.8022065564003618,途經興隆路三段和興隆路二段,4.2 公里,14 分,4.2,14.0
206,228,捷運辛亥站,捷運萬芳社區站,"25.005386,121.55716","24.998811,121.56789",途經萬芳路,1.3052730744317682,途經萬芳路,2.3 公里,9 分,2.3,9.0
206,247,捷運辛亥站,木柵公園,"25.005386,121.55716","24.987144,121.560627",途經興隆路三段,2.0508057707143093,途經興隆路三段,2.4 公里,9 分,2.4,9.0
206,262,捷運辛亥站,永安藝文館-表演36房,"25.005386,121.55716","24.984144,121.569064",途經萬芳路,2.642159597469137,途經萬芳路,4.8 公里,17 分,4.8,17.0
206,272,捷運辛亥站,忠順區民活動中心,"25.005386,121.55716","24.984707,121.563125",途經忠順街一段,2.368503341976878,途經忠順街一段,3.7 公里,14 分,3.7,14.0
206,296,捷運辛亥站,萬和二號公園,"25.005386,121.55716","25.001545,121.536446",途經辛亥路四段,2.133870477247847,途經辛亥路四段,3.1 公里,12 分,3.1,12.0
206,315,捷運辛亥站,捷運萬隆站(1號出口),"25.005386,121.55716","25.001447,121.539037",途經辛亥路四段,1.8807819235110628,途經辛亥路四段,3.0 公里,12 分,3.0,12.0
206,335,捷運辛亥站,景文中學,"25.005386,121.55716","24.986301,121.567855",途經萬芳路,2.3738497870692816,途經萬芳路,4.0 公里,15 分,4.0,15.0
206,369,捷運辛亥站,世新大學,"25.005386,121.55716","24.98862,121.54361",途經興隆路二段203巷和景興路,2.3066048567005413,途經興隆路二段203巷和景興路,3.6 公里,14 分,3.6,14.0
206,383,捷運辛亥站,一壽橋,"25.005386,121.55716","24.97848,121.55545",途經辛亥路五段,2.9854476280581603,途經辛亥路五段,5.0 公里,17 分,5.0,17.0
206,385,捷運辛亥站,和興路26巷口,"25.005386,121.55716","24.9856,121.54531",途經景華街,2.4969804509535694,途經景華街,4.2 公里,16 分,4.2,16.0
206,388,捷運辛亥站,景華街128巷口,"25.005386,121.55716","24.995563,121.547092",途經興隆路二段,1.4889595957570814,途經興隆路二段,2.3 公里,8 分,2.3,8.0
206,391,捷運辛亥站,景仁公園,"25.005386,121.55716","24.9966,121.540295",途經景華街,1.9610598732960984,途經景華街,2.7 公里,10 分,2.7,10.0
228,247,捷運萬芳社區站,木柵公園,"24.998811,121.56789","24.987144,121.560627",途經萬芳路和106縣道,1.4859023406514353,途經萬芳路和106縣道,2.5 公里,10 分,2.5,10.0
228,262,捷運萬芳社區站,永安藝文館-表演36房,"24.998811,121.56789","24.984144,121.569064",途經萬芳路,1.6290215223980127,途經萬芳路,2.6 公里,9 分,2.6,9.0
228,272,捷運萬芳社區站,忠順區民活動中心,"24.998811,121.56789","24.984707,121.563125",途經萬芳路和106縣道,1.6347236261076092,途經萬芳路和106縣道,2.8 公里,11 分,2.8,11.0
228,296,捷運萬芳社區站,萬和二號公園,"24.998811,121.56789","25.001545,121.536446",途經萬芳路,3.1886847427239604,途經萬芳路,3.9 公里,14 分,3.9,14.0
228,315,捷運萬芳社區站,捷運萬隆站(1號出口),"24.998811,121.56789","25.001447,121.539037",途經萬芳路,2.927309592404948,途經萬芳路,3.7 公里,14 分,3.7,14.0
228,335,捷運萬芳社區站,景文中學,"24.998811,121.56789","24.986301,121.567855",途經萬芳路和指南路一段,1.3857719237127188,途經萬芳路和指南路一段,2.5 公里,10 分,2.5,10.0
228,369,捷運萬芳社區站,世新大學,"24.998811,121.56789","24.98862,121.54361",途經萬芳路,2.6986531628573265,途經萬芳路,7.0 公里,21 分,7.0,21.0
228,383,捷運萬芳社區站,一壽橋,"24.998811,121.56789","24.97848,121.55545",途經萬芳路,2.578646245305963,途經萬芳路,4.8 公里,15 分,4.8,15.0
228,385,捷運萬芳社區站,和興路26巷口,"24.998811,121.56789","24.9856,121.54531",途經萬芳路,2.7089032799928687,途經萬芳路,6.7 公里,20 分,6.7,20.0
228,388,捷運萬芳社區站,景華街128巷口,"24.998811,121.56789","24.995563,121.547092",途經萬芳路,2.1302116787064973,途經萬芳路,2.9 公里,11 分,2.9,11.0
228,391,捷運萬芳社區站,景仁公園,"24.998811,121.56789","24.9966,121.540295",途經萬芳路,2.7965151057764457,途經萬芳路,3.7 公里,14 分,3.7,14.0
247,262,木柵公園,永安藝文館-表演36房,"24.987144,121.560627","24.984144,121.569064",途經興隆路四段105巷,0.9143433722616467,途經興隆路四段105巷,1.5 公里,7 分,1.5,7.0
247,272,木柵公園,忠順區民活動中心,"24.987144,121.560627","24.984707,121.563125",途經興隆路四段109巷,0.36943267371404304,途經興隆路四段109巷,550 公尺,3 分,0.55,3.0
247,296,木柵公園,萬和二號公園,"24.987144,121.560627","25.001545,121.536446",途經106縣道,2.9161920697238943,途經106縣道,4.3 公里,15 分,4.3,15.0
247,315,木柵公園,捷運萬隆站(1號出口),"24.987144,121.560627","25.001447,121.539037",途經106縣道,2.6946212645461682,途經106縣道,4.7 公里,17 分,4.7,17.0
247,335,木柵公園,景文中學,"24.987144,121.560627","24.986301,121.567855",途經興隆路四段105巷,0.7356961265594006,途經興隆路四段105巷,1.1 公里,5 分,1.1,5.0
247,369,木柵公園,世新大學,"24.987144,121.560627","24.98862,121.54361",途經106縣道,1.725798535136464,途經106縣道,2.0 公里,7 分,2.0,7.0
247,383,木柵公園,一壽橋,"24.987144,121.560627","24.97848,121.55545",途經辛亥路七段,1.0928383572506644,途經辛亥路七段,1.8 公里,8 分,1.8,8.0
247,385,木柵公園,和興路26巷口,"24.987144,121.560627","24.9856,121.54531",途經106縣道,1.5558523466017469,途經106縣道,2.3 公里,8 分,2.3,8.0
247,388,木柵公園,景華街128巷口,"24.987144,121.560627","24.995563,121.547092",途經106縣道,1.6543683034147927,途經106縣道,3.7 公里,14 分,3.7,14.0
247,391,木柵公園,景仁公園,"24.987144,121.560627","24.9966,121.540295",途經106縣道和景福街,2.3044671577302704,途經106縣道和景福街,5.0 公里,18 分,5.0,18.0
262,272,永安藝文館-表演36房,忠順區民活動中心,"24.984144,121.569064","24.984707,121.563125",途經木新路二段,0.6028526421749424,途經木新路二段,850 公尺,3 分,0.85,3.0
262,296,永安藝文館-表演36房,萬和二號公園,"24.984144,121.569064","25.001545,121.536446",途經木新路二段111巷,3.8156517611916385,途經木新路二段111巷,7.4 公里,23 分,7.4,23.0
262,315,永安藝文館-表演36房,捷運萬隆站(1號出口),"24.984144,121.569064","25.001447,121.539037",途經羅斯福路五段218巷,3.5865249079414694,途經羅斯福路五段218巷,7.8 公里,24 分,7.8,24.0
262,335,永安藝文館-表演36房,景文中學,"24.984144,121.569064","24.986301,121.567855",途經木新路二段和保儀路,0.2683098135218312,途經木新路二段和保儀路,650 公尺,2 分,0.65,2.0
262,369,永安藝文館-表演36房,世新大學,"24.984144,121.569064","24.98862,121.54361",途經木新路二段111巷,2.617260227069359,途經木新路二段111巷,5.2 公里,16 分,5.2,16.0
262,383,永安藝文館-表演36房,一壽橋,"24.984144,121.569064","24.97848,121.55545",途經樟新街,1.5109657589076537,途經樟新街,2.9 公里,9 分,2.9,9.0
262,385,永安藝文館-表演36房,和興路26巷口,"24.984144,121.569064","24.9856,121.54531",途經木新路二段111巷,2.4036791253625154,途經木新路二段111巷,4.9 公里,14 分,4.9,14.0
262,388,永安藝文館-表演36房,景華街128巷口,"24.984144,121.569064","24.995563,121.547092",途經景興路,2.553560925639869,途經景興路,6.8 公里,21 分,6.8,21.0
262,391,永安藝文館-表演36房,景仁公園,"24.984144,121.569064","24.9966,121.540295",途經景文街,3.2155391296695135,途經景文街,6.5 公里,21 分,6.5,21.0
272,296,忠順區民活動中心,萬和二號公園,"24.984707,121.563125","25.001545,121.536446",途經木新路三段74巷,3.276176202216596,途經木新路三段74巷,7.0 公里,23 分,7.0,23.0
272,315,忠順區民活動中心,捷運萬隆站(1號出口),"24.984707,121.563125","25.001447,121.539037",途經羅斯福路五段218巷,3.058156578155522,途經羅斯福路五段218巷,7.4 公里,24 分,7.4,24.0
272,335,忠順區民活動中心,景文中學,"24.984707,121.563125","24.986301,121.567855",途經興隆路四段145巷,0.5091478009725009,途經興隆路四段145巷,700 公尺,3 分,0.7,3.0
272,369,忠順區民活動中心,世新大學,"24.984707,121.563125","24.98862,121.54361",途經木新路三段74巷,2.0173698819751524,途經木新路三段74巷,4.8 公里,15 分,4.8,15.0
272,383,忠順區民活動中心,一壽橋,"24.984707,121.563125","24.97848,121.55545",途經木新路三段155巷,1.0374388050795698,途經木新路三段155巷,1.5 公里,6 分,1.5,6.0
272,385,忠順區民活動中心,和興路26巷口,"24.984707,121.563125","24.9856,121.54531",途經木新路三段74巷,1.8013600036916588,途經木新路三段74巷,4.5 公里,14 分,4.5,14.0
272,388,忠順區民活動中心,景華街128巷口,"24.984707,121.563125","24.995563,121.547092",途經景興路,2.016479711613136,途經景興路,6.4 公里,21 分,6.4,21.0
272,391,忠順區民活動中心,景仁公園,"24.984707,121.563125","24.9966,121.540295",途經景文街,2.6548066318156,途經景文街,6.0 公里,21 分,6.0,21.0
296,315,萬和二號公園,捷運萬隆站(1號出口),"25.001545,121.536446","25.001447,121.539037",途經羅斯福路五段218巷,0.26178369866914863,途經羅斯福路五段218巷,400 公尺,2 分,0.4,2.0
296,335,萬和二號公園,景文中學,"25.001545,121.536446","24.986301,121.567855",途經保儀路,3.5924961905139887,途經保儀路,7.2 公里,22 分,7.2,22.0
296,369,萬和二號公園,世新大學,"25.001545,121.536446","24.98862,121.54361",途經景美堤便,1.6040400962009356,途經景美堤便,2.4 公里,10 分,2.4,10.0
296,383,萬和二號公園,一壽橋,"25.001545,121.536446","24.97848,121.55545",途經汀洲路四段,3.1951454460561095,途經汀洲路四段,5.9 公里,18 分,5.9,18.0
296,385,萬和二號公園,和興路26巷口,"25.001545,121.536446","24.9856,121.54531",途經汀洲路四段,1.9800268366400753,途經汀洲路四段,2.8 公里,9 分,2.8,9.0
296,388,萬和二號公園,景華街128巷口,"25.001545,121.536446","24.995563,121.547092",途經羅斯福路六段/台9線和景華街,1.262590490547094,途經羅斯福路六段/台9線和景華街,1.7 公里,7 分,1.7,7.0
296,391,萬和二號公園,景仁公園,"25.001545,121.536446","24.9966,121.540295",途經萬隆街和羅斯福路六段/台9線,0.6715897056156314,途經萬隆街和羅斯福路六段/台9線,900 公尺,3 分,0.9,3.0
315,335,捷運萬隆站(1號出口),景文中學,"25.001447,121.539037","24.986301,121.567855",途經萬隆街,3.358431207890855,途經萬隆街,7.6 公里,23 分,7.6,23.0
315,369,捷運萬隆站(1號出口),世新大學,"25.001447,121.539037","24.98862,121.54361",途經萬隆街,1.494001715080959,途經萬隆街,2.6 公里,9 分,2.6,9.0
315,383,捷運萬隆站(1號出口),一壽橋,"25.001447,121.539037","24.97848,121.55545",途經萬隆街,3.036161495685498,途經萬隆街,6.3 公里,19 分,6.3,19.0
315,385,捷運萬隆站(1號出口),和興路26巷口,"25.001447,121.539037","24.9856,121.54531",途經萬隆街,1.8661583231278216,途經萬隆街,3.2 公里,10 分,3.2,10.0
315,388,捷運萬隆站(1號出口),景華街128巷口,"25.001447,121.539037","24.995563,121.547092",途經台9線和景華街,1.0421423847587306,途經台9線和景華街,1.4 公里,5 分,1.4,5.0
315,391,捷運萬隆站(1號出口),景仁公園,"25.001447,121.539037","24.9966,121.540295",途經台9線,0.5517308644353006,途經台9線,600 公尺,2 分,0.6,2.0
335,369,景文中學,世新大學,"24.986301,121.567855","24.98862,121.54361",途經保儀路109巷,2.461225569467166,途經保儀路109巷,5.6 公里,18 分,5.6,18.0
335,383,景文中學,一壽橋,"24.986301,121.567855","24.97848,121.55545",途經保儀路,1.5229030815843907,途經保儀路,1.8 公里,6 分,1.8,6.0
335,385,景文中學,和興路26巷口,"24.986301,121.567855","24.9856,121.54531",途經保儀路109巷,2.2775026727165026,途經保儀路109巷,5.3 公里,16 分,5.3,16.0
335,388,景文中學,景華街128巷口,"24.986301,121.567855","24.995563,121.547092",途經景興路,2.333795635853792,途經景興路,6.6 公里,21 分,6.6,21.0
335,391,景文中學,景仁公園,"24.986301,121.567855","24.9966,121.540295",途經景文街,3.0071842672718114,途經景文街,6.3 公里,21 分,6.3,21.0
369,383,世新大學,一壽橋,"24.98862,121.54361","24.97848,121.55545",途經樟新街,1.640322098143757,途經樟新街,3.7 公里,11 分,3.7,11.0
369,385,世新大學,和興路26巷口,"24.98862,121.54361","24.9856,121.54531",途經木柵路一段,0.3759928086411761,途經木柵路一段,650 公尺,2 分,0.65,2.0
369,388,世新大學,景華街128巷口,"24.98862,121.54361","24.995563,121.547092",途經景後街,0.8456248981576991,途經景後街,1.4 公里,5 分,1.4,5.0
369,391,世新大學,景仁公園,"24.98862,121.54361","24.9966,121.540295",途經台9線,0.9451988874507913,途經台9線,1.8 公里,7 分,1.8,7.0
383,385,一壽橋,和興路26巷口,"24.97848,121.55545","24.9856,121.54531",途經樟新街,1.2923545499134164,途經樟新街,3.4 公里,10 分,3.4,10.0
383,388,一壽橋,景華街128巷口,"24.97848,121.55545","24.995563,121.547092",途經景興路,2.071946103293438,途經景興路,5.3 公里,17 分,5.3,17.0
383,391,一壽橋,景仁公園,"24.97848,121.55545","24.9966,121.540295",途經景文街,2.523869836676399,途經景文街,5.0 公里,16 分,5.0,16.0
385,388,和興路26巷口,景華街128巷口,"24.9856,121.54531","24.995563,121.547092",途經景興路,1.1181963706419136,途經景興路,2.2 公里,8 分,2.2,8.0
385,391,和興路26巷口,景仁公園,"24.9856,121.54531","24.9966,121.540295",途經景文街,1.3195013546159045,途經景文街,1.9 公里,8 分,1.9,8.0
388,391,景華街128巷口,景仁公園,"24.995563,121.547092","24.9966,121.540295",途經景華街97巷,0.6957282390579306,途經景華街97巷,900 公尺,4 分,0.9,4.0
69,66,興豐公園,師範大學公館校區,"24.999837,121.547778","25.007528,121.537188",途經汀州路四段,1.3669861202199585,途經汀州路四段,2.2 公里,8 分,2.2,8.0
94,66,捷運景美站,師範大學公館校區,"24.993254,121.541059","25.007528,121.537188",途經汀洲路四段和景福街,1.628745540284632,途經汀洲路四段和景福街,2.0 公里,7 分,2.0,7.0
98,66,羅斯福景隆街口,師範大學公館校區,"24.999378,121.540197","25.007528,121.537188",途經汀州路四段,0.9525287891630767,途經汀州路四段,1.5 公里,6 分,1.5,6.0
104,66,台北花木批發市場,師範大學公館校區,"25.004023,121.54074","25.007528,121.537188",途經汀州路四段,0.5284969887272768,途經汀州路四段,1.3 公里,5 分,1.3,5.0
141,66,文山行政中心,師範大學公館校區,"24.989902,121.569984","25.007528,121.537188",途經汀洲路四段,3.8436365783056554,途經汀洲路四段,9.1 公里,28 分,9.1,28.0
142,66,捷運木柵站,師範大學公館校區,"24.997996,121.57444","25.007528,121.537188",途經汀洲路四段,3.905934455588813,途經汀洲路四段,9.6 公里,28 分,9.6,28.0
143,66,捷運動物園站(2號出口),師範大學公館校區,"24.997659,121.578752","25.007528,121.537188",途經新光路二段,4.335882304561805,途經新光路二段,10.0 公里,31 分,10.0,31.0
144,66,國立政治大學,師範大學公館校區,"24.988363,121.576536","25.007528,121.537188",途經汀州路四段和汀洲路四段,4.503969140534476,途經汀州路四段和汀洲路四段,9.4 公里,29 分,9.4,29.0
151,66,考試院,師範大學公館校區,"24.987507,121.549827","25.007528,121.537188",途經汀洲路四段,2.558626483284296,途經汀洲路四段,4.5 公里,14 分,4.5,14.0
166,66,臺北市立景美女中,師範大學公館校區,"24.980602,121.556177","25.007528,121.537188",途經汀洲路四段,3.545606746591444,途經汀洲路四段,6.6 公里,20 分,6.6,20.0
171,66,文山運動中心,師範大學公館校區,"24.996842,121.559651","25.007528,121.537188",途經汀州路四段,2.5579697817332248,途經汀州路四段,3.7 公里,15 分,3.7,15.0
205,66,木柵光輝路口,師範大學公館校區,"24.988241,121.55561","25.007528,121.537188",途經汀洲路四段,2.8325151184152264,途經汀洲路四段,5.0 公里,15 分,5.0,15.0
206,66,捷運辛亥站,師範大學公館校區,"25.005386,121.55716","25.007528,121.537188",途經辛亥路四段,2.0299845538793684,途經辛亥路四段,3.9 公里,14 分,3.9,14.0
228,66,捷運萬芳社區站,師範大學公館校區,"24.998811,121.56789","25.007528,121.537188",途經萬芳路,3.2462282059259855,途經萬芳路,4.6 公里,18 分,4.6,18.0
247,66,木柵公園,師範大學公館校區,"24.987144,121.560627","25.007528,121.537188",途經106縣道,3.270708394273443,途經106縣道,5.7 公里,18 分,5.7,18.0
262,66,永安藝文館-表演36房,師範大學公館校區,"24.984144,121.569064","25.007528,121.537188",途經汀洲路四段,4.131004335025701,途經汀洲路四段,8.0 公里,24 分,8.0,24.0
272,66,忠順區民活動中心,師範大學公館校區,"24.984707,121.563125","25.007528,121.537188",途經汀洲路四段,3.639596498654895,途經汀洲路四段,7.5 公里,23 分,7.5,23.0
296,66,萬和二號公園,師範大學公館校區,"25.001545,121.536446","25.007528,121.537188",途經汀州路四段和汀洲路四段/溪洲街,0.666973745872243,途經汀州路四段和汀洲路四段/溪洲街,800 公尺,3 分,0.8,3.0
315,66,捷運萬隆站(1號出口),師範大學公館校區,"25.001447,121.539037","25.007528,121.537188",途經汀州路四段,0.6989914672070701,途經汀州路四段,1.0 公里,4 分,1.0,4.0
335,66,景文中學,師範大學公館校區,"24.986301,121.567855","25.007528,121.537188",途經汀洲路四段,3.8876273417633644,途經汀洲路四段,7.8 公里,24 分,7.8,24.0
369,66,世新大學,師範大學公館校區,"24.98862,121.54361","25.007528,121.537188",途經汀洲路四段,2.1925349763157573,途經汀洲路四段,2.9 公里,9 分,2.9,9.0
383,66,一壽橋,師範大學公館校區,"24.97848,121.55545","25.007528,121.537188",途經汀洲路四段,3.7084815439811534,途經汀洲路四段,6.5 公里,19 分,6.5,19.0
385,66,和興路26巷口,師範大學公館校區,"24.9856,121.54531","25.007528,121.537188",途經汀洲路四段,2.5636831888212006,途經汀洲路四段,3.5 公里,10 分,3.5,10.0
388,66,景華街128巷口,師範大學公館校區,"24.995563,121.547092","25.007528,121.537188",途經汀洲路四段,1.6602029666168885,途經汀洲路四段,2.5 公里,9 分,2.5,9.0
391,66,景仁公園,師範大學公館校區,"24.9966,121.540295","25.007528,121.537188",途經汀州路四段和萬隆街,1.250499298918887,途經汀州路四段和萬隆街,1.7 公里,6 分,1.7,6.0
94,69,捷運景美站,興豐公園,"24.993254,121.541059","24.999837,121.547778",途經景華街,0.9959180232668042,途經景華街,1.4 公里,7 分,1.4,7.0
98,69,羅斯福景隆街口,興豐公園,"24.999378,121.540197","24.999837,121.547778",途經興隆路二段,0.7669921982375156,途經興隆路二段,1.2 公里,5 分,1.2,5.0
104,69,台北花木批發市場,興豐公園,"25.004023,121.54074","24.999837,121.547778",途經景豐街,0.8484038387025846,途經景豐街,1.1 公里,4 分,1.1,4.0
141,69,文山行政中心,興豐公園,"24.989902,121.569984","24.999837,121.547778",途經106縣道,2.4973560945783606,途經106縣道,4.0 公里,16 分,4.0,16.0
142,69,捷運木柵站,興豐公園,"24.997996,121.57444","24.999837,121.547778",途經萬芳路,2.699269608639184,途經萬芳路,3.6 公里,14 分,3.6,14.0
143,69,捷運動物園站(2號出口),興豐公園,"24.997659,121.578752","24.999837,121.547778",途經106縣道,3.1361536999056785,途經106縣道,5.2 公里,19 分,5.2,19.0
144,69,國立政治大學,興豐公園,"24.988363,121.576536","24.999837,121.547778",途經興隆路三段和106縣道,3.169287806664037,途經興隆路三段和106縣道,4.6 公里,17 分,4.6,17.0
151,69,考試院,興豐公園,"24.987507,121.549827","24.999837,121.547778",途經景隆街,1.3814041809783593,途經景隆街,5.0 公里,16 分,5.0,16.0
166,69,臺北市立景美女中,興豐公園,"24.980602,121.556177","24.999837,121.547778",途經景隆街,2.293241085593391,途經景隆街,7.1 公里,23 分,7.1,23.0
171,69,文山運動中心,興豐公園,"24.996842,121.559651","24.999837,121.547778",途經仙岩路,1.2436645326458495,途經仙岩路,1.7 公里,7 分,1.7,7.0
205,69,木柵光輝路口,興豐公園,"24.988241,121.55561","24.999837,121.547778",途經景興路,1.5083662654976866,途經景興路,4.0 公里,14 分,4.0,14.0
206,69,捷運辛亥站,興豐公園,"25.005386,121.55716","24.999837,121.547778",途經興隆路二段,1.129077832128691,途經興隆路二段,1.5 公里,8 分,1.5,8.0
228,69,捷運萬芳社區站,興豐公園,"24.998811,121.56789","24.999837,121.547778",途經興隆路三段和萬芳路,2.0334978604927922,途經興隆路三段和萬芳路,2.8 公里,11 分,2.8,11.0
247,69,木柵公園,興豐公園,"24.987144,121.560627","24.999837,121.547778",途經106縣道,1.9130110762777144,途經106縣道,3.1 公里,13 分,3.1,13.0
262,69,永安藝文館-表演36房,興豐公園,"24.984144,121.569064","24.999837,121.547778",途經景興路,2.7640417268611404,途經景興路,7.0 公里,23 分,7.0,23.0
272,69,忠順區民活動中心,興豐公園,"24.984707,121.563125","24.999837,121.547778",途經忠順街一段,2.282437558363158,途經忠順街一段,3.6 公里,15 分,3.6,15.0
296,69,萬和二號公園,興豐公園,"25.001545,121.536446","24.999837,121.547778",途經景豐街,1.159500417607401,途經景豐街,1.6 公里,6 分,1.6,6.0
315,69,捷運萬隆站(1號出口),興豐公園,"25.001447,121.539037","24.999837,121.547778",途經景豐街,0.9002426021918005,途經景豐街,1.4 公里,6 分,1.4,6.0
335,69,景文中學,興豐公園,"24.986301,121.567855","24.999837,121.547778",途經景興路,2.521217771157716,途經景興路,6.7 公里,23 分,6.7,23.0
369,69,世新大學,興豐公園,"24.98862,121.54361","24.999837,121.547778",途經景興路,1.3118526665275705,途經景興路,1.7 公里,7 分,1.7,7.0
383,69,一壽橋,興豐公園,"24.97848,121.55545","24.999837,121.547778",途經景隆街,2.4893414531609674,途經景隆街,7.1 公里,22 分,7.1,22.0
385,69,和興路26巷口,興豐公園,"24.9856,121.54531","24.999837,121.547778",途經景興路和景文街,1.5966329150603422,途經景興路和景文街,2.9 公里,11 分,2.9,11.0
388,69,景華街128巷口,興豐公園,"24.995563,121.547092","24.999837,121.547778",途經興隆路二段,0.47848136770094957,途經興隆路二段,950 公尺,3 分,0.95,3.0
391,69,景仁公園,興豐公園,"24.9966,121.540295","24.999837,121.547778",途經興隆路二段和景興路46巷,0.8362019518277041,途經興隆路二段和景興路46巷,1.3 公里,5 分,1.3,5.0
98,94,羅斯福景隆街口,捷運景美站,"24.999378,121.540197","24.993254,121.541059",途經羅斯福路六段159巷1弄和羅斯福路六段/台9線,0.683931601202127,途經羅斯福路六段159巷1弄和羅斯福路六段/台9線,750 公尺,3 分,0.75,3.0
104,94,台北花木批發市場,捷運景美站,"25.004023,121.54074","24.993254,121.541059",途經台9線,1.193347589025144,途經台9線,1.5 公里,5 分,1.5,5.0
141,94,文山行政中心,捷運景美站,"24.989902,121.569984","24.993254,121.541059",途經景文街,2.9436923600951315,途經景文街,7.6 公里,24 分,7.6,24.0
142,94,捷運木柵站,捷運景美站,"24.997996,121.57444","24.993254,121.541059",途經木柵路四段/106縣道,3.4106276577451777,途經木柵路四段/106縣道,8.1 公里,25 分,8.1,25.0
143,94,捷運動物園站(2號出口),捷運景美站,"24.997659,121.578752","24.993254,121.541059",途經新光路二段,3.836409719963615,途經新光路二段,8.5 公里,28 分,8.5,28.0
144,94,國立政治大學,捷運景美站,"24.988363,121.576536","24.993254,121.541059",途經景美街和景文街,3.6224184504326633,途經景美街和景文街,7.9 公里,26 分,7.9,26.0
151,94,考試院,捷運景美站,"24.987507,121.549827","24.993254,121.541059",途經景文街,1.0903445760963946,途經景文街,3.0 公里,10 分,3.0,10.0
166,94,臺北市立景美女中,捷運景美站,"24.980602,121.556177","24.993254,121.541059",途經景文街,2.072162872657578,途經景文街,5.1 公里,17 分,5.1,17.0
171,94,文山運動中心,捷運景美站,"24.996842,121.559651","24.993254,121.541059",途經興隆路二段,1.918559325786219,途經興隆路二段,2.7 公里,10 分,2.7,10.0
205,94,木柵光輝路口,捷運景美站,"24.988241,121.55561","24.993254,121.541059",途經木柵路一段/106縣道,1.57048571678685,途經木柵路一段/106縣道,3.5 公里,12 分,3.5,12.0
206,94,捷運辛亥站,捷運景美站,"25.005386,121.55716","24.993254,121.541059",途經興隆路二段,2.109029081974668,途經興隆路二段,2.8 公里,11 分,2.8,11.0
228,94,捷運萬芳社區站,捷運景美站,"24.998811,121.56789","24.993254,121.541059",途經興隆路二段,2.7777438374456893,途經興隆路二段,3.6 公里,13 分,3.6,13.0
247,94,木柵公園,捷運景美站,"24.987144,121.560627","24.993254,121.541059",途經106縣道,2.0882713693300716,途經106縣道,4.2 公里,15 分,4.2,15.0
262,94,永安藝文館-表演36房,捷運景美站,"24.984144,121.569064","24.993254,121.541059",途經景文街,3.0020592659045526,途經景文街,6.6 公里,21 分,6.6,21.0
272,94,忠順區民活動中心,捷運景美站,"24.984707,121.563125","24.993254,121.541059",途經景文街,2.42060143006974,途經景文街,6.0 公里,20 分,6.0,20.0
296,94,萬和二號公園,捷運景美站,"25.001545,121.536446","24.993254,121.541059",途經羅斯福路六段/台9線,1.0297381209420404,途經羅斯福路六段/台9線,1.3 公里,4 分,1.3,4.0
315,94,捷運萬隆站(1號出口),捷運景美站,"25.001447,121.539037","24.993254,121.541059",途經羅斯福路六段/台9線,0.9302343064389189,途經羅斯福路六段/台9線,1.3 公里,5 分,1.3,5.0
335,94,景文中學,捷運景美站,"24.986301,121.567855","24.993254,121.541059",途經景文街,2.812786012462028,途經景文街,6.3 公里,20 分,6.3,20.0
369,94,世新大學,捷運景美站,"24.98862,121.54361","24.993254,121.541059",途經景後街和景美街,0.5743052761063269,途經景後街和景美街,1.3 公里,5 分,1.3,5.0
383,94,一壽橋,捷運景美站,"24.97848,121.55545","24.993254,121.541059",途經景文街,2.188457294560184,途經景文街,5.0 公里,16 分,5.0,16.0
385,94,和興路26巷口,捷運景美站,"24.9856,121.54531","24.993254,121.541059",途經景文街,0.9502888230990864,途經景文街,2.0 公里,7 分,2.0,7.0
388,94,景華街128巷口,捷運景美站,"24.995563,121.547092","24.993254,121.541059",途經景華街,0.6605860757706967,途經景華街,800 公尺,3 分,0.8,3.0
391,94,景仁公園,捷運景美站,"24.9966,121.540295","24.993254,121.541059",途經羅斯福路六段/台9線,0.37858580944209663,途經羅斯福路六段/台9線,450 公尺,2 分,0.45,2.0
104,98,台北花木批發市場,羅斯福景隆街口,"25.004023,121.54074","24.999378,121.540197",途經台9線和興隆路一段,0.5174517275311137,途經台9線和興隆路一段,800 公尺,3 分,0.8,3.0
141,98,文山行政中心,羅斯福景隆街口,"24.989902,121.569984","24.999378,121.540197",途經景文街,3.185069871017785,途經景文街,8.1 公里,26 分,8.1,26.0
142,98,捷運木柵站,羅斯福景隆街口,"24.997996,121.57444","24.999378,121.540197",途經木柵路四段/106縣道,3.4602587735408217,途經木柵路四段/106縣道,8.5 公里,27 分,8.5,27.0
143,98,捷運動物園站(2號出口),羅斯福景隆街口,"24.997659,121.578752","24.999378,121.540197",途經新光路二段,3.8968325643316972,途經新光路二段,9.0 公里,30 分,9.0,30.0
144,98,國立政治大學,羅斯福景隆街口,"24.988363,121.576536","24.999378,121.540197",途經景美街和景文街,3.8661965192965515,途經景美街和景文街,8.4 公里,28 分,8.4,28.0
151,98,考試院,羅斯福景隆街口,"24.987507,121.549827","24.999378,121.540197",途經景福街,1.6353461473118114,途經景福街,4.2 公里,14 分,4.2,14.0
166,98,臺北市立景美女中,羅斯福景隆街口,"24.980602,121.556177","24.999378,121.540197",途經景福街,2.632229826620142,途經景福街,6.3 公里,20 分,6.3,20.0
171,98,文山運動中心,羅斯福景隆街口,"24.996842,121.559651","24.999378,121.540197",途經景華街,1.9839028894400201,途經景華街,2.9 公里,11 分,2.9,11.0
205,98,木柵光輝路口,羅斯福景隆街口,"24.988241,121.55561","24.999378,121.540197",途經景福街和木柵路一段/106縣道,1.9857395249811,途經景福街和木柵路一段/106縣道,4.7 公里,15 分,4.7,15.0
206,98,捷運辛亥站,羅斯福景隆街口,"25.005386,121.55716","24.999378,121.540197",途經興隆路二段203巷和興隆路二段,1.8371659138189067,途經興隆路二段203巷和興隆路二段,2.8 公里,12 分,2.8,12.0
228,98,捷運萬芳社區站,羅斯福景隆街口,"24.998811,121.56789","24.999378,121.540197",途經萬芳路,2.7963367871472906,途經萬芳路,3.7 公里,15 分,3.7,15.0
247,98,木柵公園,羅斯福景隆街口,"24.987144,121.560627","24.999378,121.540197",途經景福街和106縣道,2.467904342713326,途經景福街和106縣道,5.4 公里,18 分,5.4,18.0
262,98,永安藝文館-表演36房,羅斯福景隆街口,"24.984144,121.569064","24.999378,121.540197",途經景文街,3.3676344616659084,途經景文街,7.0 公里,23 分,7.0,23.0
272,98,忠順區民活動中心,羅斯福景隆街口,"24.984707,121.563125","24.999378,121.540197",途經景文街,2.8282664610465025,途經景文街,6.5 公里,22 分,6.5,22.0
296,98,萬和二號公園,羅斯福景隆街口,"25.001545,121.536446","24.999378,121.540197",途經台9線和羅斯福路五段218巷,0.4483377387580812,途經台9線和羅斯福路五段218巷,650 公尺,3 分,0.65,3.0
315,98,捷運萬隆站(1號出口),羅斯福景隆街口,"25.001447,121.539037","24.999378,121.540197",途經萬隆街52巷,0.25737222339129234,途經萬隆街52巷,650 公尺,3 分,0.65,3.0
335,98,景文中學,羅斯福景隆街口,"24.986301,121.567855","24.999378,121.540197",途經景文街,3.1456274600009686,途經景文街,6.8 公里,22 分,6.8,22.0
369,98,世新大學,羅斯福景隆街口,"24.98862,121.54361","24.999378,121.540197",途經景興路,1.240506010268291,途經景興路,1.9 公里,7 分,1.9,7.0
383,98,一壽橋,羅斯福景隆街口,"24.97848,121.55545","24.999378,121.540197",途經景福街,2.7803374842035797,途經景福街,6.2 公里,20 分,6.2,20.0
385,98,和興路26巷口,羅斯福景隆街口,"24.9856,121.54531","24.999378,121.540197",途經景福街,1.6111551745002404,途經景福街,3.2 公里,10 分,3.2,10.0
388,98,景華街128巷口,羅斯福景隆街口,"24.995563,121.547092","24.999378,121.540197",途經景隆街和景興路,0.8143071140218036,途經景隆街和景興路,1.2 公里,4 分,1.2,4.0
391,98,景仁公園,羅斯福景隆街口,"24.9966,121.540295","24.999378,121.540197",途經羅斯福路六段159巷1弄,0.3078859852215925,途經羅斯福路六段159巷1弄,500 公尺,3 分,0.5,3.0
141,104,文山行政中心,台北花木批發市場,"24.989902,121.569984","25.004023,121.54074",途經汀洲路四段,3.3410501144159723,途經汀洲路四段,9.1 公里,29 分,9.1,29.0
142,104,捷運木柵站,台北花木批發市場,"24.997996,121.57444","25.004023,121.54074",途經木柵路四段/106縣道,3.46688117262324,途經木柵路四段/106縣道,9.6 公里,30 分,9.6,30.0
143,104,捷運動物園站(2號出口),台北花木批發市場,"24.997659,121.578752","25.004023,121.54074",途經新光路二段,3.9015062910414384,途經新光路二段,10.0 公里,33 分,10.0,33.0
144,104,國立政治大學,台北花木批發市場,"24.988363,121.576536","25.004023,121.54074",途經羅斯福路五段218巷和汀洲路四段,4.00851224151294,途經羅斯福路五段218巷和汀洲路四段,9.4 公里,31 分,9.4,31.0
151,104,考試院,台北花木批發市場,"24.987507,121.549827","25.004023,121.54074",途經興隆路二段和興隆路三段,2.046635345874733,途經興隆路二段和興隆路三段,4.6 公里,16 分,4.6,16.0
166,104,臺北市立景美女中,台北花木批發市場,"24.980602,121.556177","25.004023,121.54074",途經汀洲路四段,3.0265106810225784,途經汀洲路四段,6.6 公里,22 分,6.6,22.0
171,104,文山運動中心,台北花木批發市場,"24.996842,121.559651","25.004023,121.54074",途經興隆路一段和興隆路二段,2.0681558737308623,途經興隆路一段和興隆路二段,2.5 公里,9 分,2.5,9.0
205,104,木柵光輝路口,台北花木批發市場,"24.988241,121.55561","25.004023,121.54074",途經木柵路一段/106縣道,2.304297673387619,途經木柵路一段/106縣道,5.0 公里,17 分,5.0,17.0
206,104,捷運辛亥站,台北花木批發市場,"25.005386,121.55716","25.004023,121.54074",途經興隆路一段和興隆路二段,1.6643996290734293,途經興隆路一段和興隆路二段,2.6 公里,10 分,2.6,10.0
228,104,捷運萬芳社區站,台北花木批發市場,"24.998811,121.56789","25.004023,121.54074",途經萬芳路,2.8009133841548595,途經萬芳路,3.7 公里,14 分,3.7,14.0
247,104,木柵公園,台北花木批發市場,"24.987144,121.560627","25.004023,121.54074",途經106縣道,2.7434705003685433,途經106縣道,5.7 公里,20 分,5.7,20.0
262,104,永安藝文館-表演36房,台北花木批發市場,"24.984144,121.569064","25.004023,121.54074",途經汀洲路四段,3.6090820857605173,途經汀洲路四段,8.0 公里,26 分,8.0,26.0
272,104,忠順區民活動中心,台北花木批發市場,"24.984707,121.563125","25.004023,121.54074",途經汀洲路四段,3.1121179970435007,途經汀洲路四段,7.5 公里,25 分,7.5,25.0
296,104,萬和二號公園,台北花木批發市場,"25.001545,121.536446","25.004023,121.54074",途經興隆路一段、羅斯福路五段/台9線和羅斯福路五段218巷,0.5130729468090834,途經興隆路一段、羅斯福路五段/台9線和羅斯福路五段218巷,750 公尺,3 分,0.75,3.0
315,104,捷運萬隆站(1號出口),台北花木批發市場,"25.001447,121.539037","25.004023,121.54074",途經興隆路一段和羅斯福路五段/台9線,0.3331361862724037,途經興隆路一段和羅斯福路五段/台9線,550 公尺,2 分,0.55,2.0
335,104,景文中學,台北花木批發市場,"24.986301,121.567855","25.004023,121.54074",途經保儀路,3.3685326054704103,途經保儀路,7.8 公里,25 分,7.8,25.0
369,104,世新大學,台北花木批發市場,"24.98862,121.54361","25.004023,121.54074",途經汀洲路四段,1.7306590612425892,途經汀洲路四段,2.9 公里,11 分,2.9,11.0
383,104,一壽橋,台北花木批發市場,"24.97848,121.55545","25.004023,121.54074",途經汀洲路四段,3.1955214608330347,途經汀洲路四段,6.5 公里,21 分,6.5,21.0
385,104,和興路26巷口,台北花木批發市場,"24.9856,121.54531","25.004023,121.54074",途經汀洲路四段,2.0922681588890004,途經汀洲路四段,3.5 公里,12 分,3.5,12.0
388,104,景華街128巷口,台北花木批發市場,"24.995563,121.547092","25.004023,121.54074",途經興隆路一段和景華街,1.1355229656038759,途經興隆路一段和景華街,1.5 公里,6 分,1.5,6.0
391,104,景仁公園,台北花木批發市場,"24.9966,121.540295","25.004023,121.54074",途經台9線,0.8234933773548415,途經台9線,1.0 公里,5 分,1.0,5.0
142,141,捷運木柵站,文山行政中心,"24.997996,121.57444","24.989902,121.569984",途經木柵路四段/106縣道,1.0031214790073493,途經木柵路四段/106縣道,1.1 公里,4 分,1.1,4.0
143,141,捷運動物園站(2號出口),文山行政中心,"24.997659,121.578752","24.989902,121.569984",途經新光路二段,1.2336410583698914,途經新光路二段,1.4 公里,6 分,1.4,6.0
144,141,國立政治大學,文山行政中心,"24.988363,121.576536","24.989902,121.569984",途經指南路二段,0.6830981875343253,途經指南路二段,1.2 公里,6 分,1.2,6.0
151,141,考試院,文山行政中心,"24.987507,121.549827","24.989902,121.569984",途經木柵路三段、106縣道和試院路,2.05225726322518,途經木柵路三段、106縣道和試院路,2.5 公里,9 分,2.5,9.0
166,141,臺北市立景美女中,文山行政中心,"24.980602,121.556177","24.989902,121.569984",途經木柵路三段和木新路三段,1.7333420887055804,途經木柵路三段和木新路三段,2.4 公里,9 分,2.4,9.0
171,141,文山運動中心,文山行政中心,"24.996842,121.559651","24.989902,121.569984",途經興隆路三段,1.2958422618658592,途經興隆路三段,2.2 公里,8 分,2.2,8.0
205,141,木柵光輝路口,文山行政中心,"24.988241,121.55561","24.989902,121.569984",途經木柵路三段,1.462802543330149,途經木柵路三段,1.6 公里,6 分,1.6,6.0
206,141,捷運辛亥站,文山行政中心,"25.005386,121.55716","24.989902,121.569984",途經106縣道,2.1489406634167594,途經106縣道,4.2 公里,16 分,4.2,16.0
228,141,捷運萬芳社區站,文山行政中心,"24.998811,121.56789","24.989902,121.569984",途經木柵路四段/106縣道和萬芳路,1.0092629260467707,途經木柵路四段/106縣道和萬芳路,1.4 公里,6 分,1.4,6.0
247,141,木柵公園,文山行政中心,"24.987144,121.560627","24.989902,121.569984",途經木柵路三段,0.9928509748671338,途經木柵路三段,1.3 公里,6 分,1.3,6.0
262,141,永安藝文館-表演36房,文山行政中心,"24.984144,121.569064","24.989902,121.569984",途經木新路二段,0.6445567870462594,途經木新路二段,1.0 公里,4 分,1.0,4.0
272,141,忠順區民活動中心,文山行政中心,"24.984707,121.563125","24.989902,121.569984",途經木柵路三段,0.9003878917957661,途經木柵路三段,1.3 公里,5 分,1.3,5.0
296,141,萬和二號公園,文山行政中心,"25.001545,121.536446","24.989902,121.569984",途經木柵路三段,3.623108220298129,途經木柵路三段,8.4 公里,26 分,8.4,26.0
315,141,捷運萬隆站(1號出口),文山行政中心,"25.001447,121.539037","24.989902,121.569984",途經羅斯福路五段218巷,3.3758278249072853,途經羅斯福路五段218巷,8.8 公里,28 分,8.8,28.0
335,141,景文中學,文山行政中心,"24.986301,121.567855","24.989902,121.569984",途經木柵路三段和木柵路三段102巷,0.4531180055730548,途經木柵路三段和木柵路三段102巷,550 公尺,3 分,0.55,3.0
369,141,世新大學,文山行政中心,"24.98862,121.54361","24.989902,121.569984",途經木柵路三段,2.6664733249913968,途經木柵路三段,6.2 公里,19 分,6.2,19.0
383,141,一壽橋,文山行政中心,"24.97848,121.55545","24.989902,121.569984",途經木柵路三段,1.9375493093746086,途經木柵路三段,3.9 公里,12 分,3.9,12.0
385,141,和興路26巷口,文山行政中心,"24.9856,121.54531","24.989902,121.569984",途經木柵路三段,2.5362611854131183,途經木柵路三段,5.9 公里,18 分,5.9,18.0
388,141,景華街128巷口,文山行政中心,"24.995563,121.547092","24.989902,121.569984",途經景興路,2.394650462889831,途經景興路,7.8 公里,24 分,7.8,24.0
391,141,景仁公園,文山行政中心,"24.9966,121.540295","24.989902,121.569984",途經景文街,3.087738952240016,途經景文街,7.5 公里,24 分,7.5,24.0
143,142,捷運動物園站(2號出口),捷運木柵站,"24.997659,121.578752","24.997996,121.57444",途經106縣道和新光路二段,0.436902186807925,途經106縣道和新光路二段,2.1 公里,6 分,2.1,6.0
144,142,國立政治大學,捷運木柵站,"24.988363,121.576536","24.997996,121.57444",途經木柵路四段/106縣道,1.0878525997184953,途經木柵路四段/106縣道,1.9 公里,7 分,1.9,7.0
151,142,考試院,捷運木柵站,"24.987507,121.549827","24.997996,121.57444",途經萬芳路和106縣道,2.7430609254099414,途經萬芳路和106縣道,4.1 公里,13 分,4.1,13.0
166,142,臺北市立景美女中,捷運木柵站,"24.980602,121.556177","24.997996,121.57444",途經木柵路四段/106縣道,2.666856537900189,途經木柵路四段/106縣道,4.5 公里,14 分,4.5,14.0
171,142,文山運動中心,捷運木柵站,"24.996842,121.559651","24.997996,121.57444",途經和平東路四段和萬芳路,1.4984446769047859,途經和平東路四段和萬芳路,2.2 公里,10 分,2.2,10.0
205,142,木柵光輝路口,捷運木柵站,"24.988241,121.55561","24.997996,121.57444",途經木柵路四段/106縣道和木柵路三段,2.1866544126975676,途經木柵路四段/106縣道和木柵路三段,2.7 公里,10 分,2.7,10.0
206,142,捷運辛亥站,捷運木柵站,"25.005386,121.55716","24.997996,121.57444",途經106縣道和興隆路三段,1.926923614747868,途經106縣道和興隆路三段,4.4 公里,14 分,4.4,14.0
228,142,捷運萬芳社區站,捷運木柵站,"24.998811,121.56789","24.997996,121.57444",途經和平東路四段,0.6673662657138644,途經和平東路四段,1.4 公里,7 分,1.4,7.0
247,142,木柵公園,捷運木柵站,"24.987144,121.560627","24.997996,121.57444",途經106縣道,1.8411165669024159,途經106縣道,2.2 公里,9 分,2.2,9.0
262,142,永安藝文館-表演36房,捷運木柵站,"24.984144,121.569064","24.997996,121.57444",途經木柵路四段/106縣道,1.6275846381846448,途經木柵路四段/106縣道,2.4 公里,8 分,2.4,8.0
272,142,忠順區民活動中心,捷運木柵站,"24.984707,121.563125","24.997996,121.57444",途經106縣道,1.8632972166537458,途經106縣道,2.5 公里,9 分,2.5,9.0
296,142,萬和二號公園,捷運木柵站,"25.001545,121.536446","24.997996,121.57444",途經木柵路四段/106縣道,3.8555999418443827,途經木柵路四段/106縣道,8.9 公里,27 分,8.9,27.0
315,142,捷運萬隆站(1號出口),捷運木柵站,"25.001447,121.539037","24.997996,121.57444",途經木柵路四段/106縣道,3.5943305687564155,途經木柵路四段/106縣道,9.3 公里,29 分,9.3,29.0
335,142,景文中學,捷運木柵站,"24.986301,121.567855","24.997996,121.57444",途經木柵路四段/106縣道和木柵路三段,1.4561061461229012,途經木柵路四段/106縣道和木柵路三段,1.6 公里,5 分,1.6,5.0
369,142,世新大學,捷運木柵站,"24.98862,121.54361","24.997996,121.57444",途經木柵路四段/106縣道,3.2811747649342475,途經木柵路四段/106縣道,6.7 公里,20 分,6.7,20.0
383,142,一壽橋,捷運木柵站,"24.97848,121.55545","24.997996,121.57444",途經木柵路四段/106縣道,2.889516146821435,途經木柵路四段/106縣道,4.5 公里,13 分,4.5,13.0
385,142,和興路26巷口,捷運木柵站,"24.9856,121.54531","24.997996,121.57444",途經木柵路四段/106縣道,3.2456486613527917,途經木柵路四段/106縣道,6.4 公里,19 分,6.4,19.0
388,142,景華街128巷口,捷運木柵站,"24.995563,121.547092","24.997996,121.57444",途經106縣道和興隆路三段,2.7739784183087663,途經106縣道和興隆路三段,5.0 公里,17 分,5.0,17.0
391,142,景仁公園,捷運木柵站,"24.9966,121.540295","24.997996,121.57444",途經景文街,3.450483138111703,途經景文街,8.0 公里,25 分,8.0,25.0
144,143,國立政治大學,捷運動物園站(2號出口),"24.988363,121.576536","24.997659,121.578752",途經新光路二段,1.053765639807564,途經新光路二段,1.8 公里,6 分,1.8,6.0
151,143,考試院,捷運動物園站(2號出口),"24.987507,121.549827","24.997659,121.578752",途經木柵路三段,3.1292110183136477,途經木柵路三段,3.9 公里,15 分,3.9,15.0
166,143,臺北市立景美女中,捷運動物園站(2號出口),"24.980602,121.556177","24.997659,121.578752",途經新光路二段,2.9604968427133334,途經新光路二段,5.0 公里,15 分,5.0,15.0
171,143,文山運動中心,捷運動物園站(2號出口),"24.996842,121.559651","24.997659,121.578752",途經木柵路三段,1.930413187249146,途經木柵路三段,3.6 公里,13 分,3.6,13.0
205,143,木柵光輝路口,捷運動物園站(2號出口),"24.988241,121.55561","24.997659,121.578752",途經新光路二段,2.5586675771821916,途經新光路二段,3.7 公里,14 分,3.7,14.0
206,143,捷運辛亥站,捷運動物園站(2號出口),"25.005386,121.55716","24.997659,121.578752",途經萬寧街,2.341724725141758,途經萬寧街,5.7 公里,25 分,5.7,25.0
228,143,捷運萬芳社區站,捷運動物園站(2號出口),"24.998811,121.56789","24.997659,121.578752",途經新光路二段和萬芳路,1.1039359570195892,途經新光路二段和萬芳路,2.3 公里,8 分,2.3,8.0
247,143,木柵公園,捷運動物園站(2號出口),"24.987144,121.560627","24.997659,121.578752",途經新光路二段和秀明路一段/106縣道,2.169099091640803,途經新光路二段和秀明路一段/106縣道,2.6 公里,10 分,2.6,10.0
262,143,永安藝文館-表演36房,捷運動物園站(2號出口),"24.984144,121.569064","24.997659,121.578752",途經新光路二段和萬壽橋,1.7882738109068506,途經新光路二段和萬壽橋,2.8 公里,9 分,2.8,9.0
272,143,忠順區民活動中心,捷運動物園站(2號出口),"24.984707,121.563125","24.997659,121.578752",途經新光路二段和木新路二段,2.1324765792451594,途經新光路二段和木新路二段,2.8 公里,9 分,2.8,9.0
296,143,萬和二號公園,捷運動物園站(2號出口),"25.001545,121.536446","24.997659,121.578752",途經新光路二段,4.292447079408919,途經新光路二段,9.4 公里,28 分,9.4,28.0
315,143,捷運萬隆站(1號出口),捷運動物園站(2號出口),"25.001447,121.539037","24.997659,121.578752",途經新光路二段,4.03114558260329,途經新光路二段,9.8 公里,30 分,9.8,30.0
335,143,景文中學,捷運動物園站(2號出口),"24.986301,121.567855","24.997659,121.578752",途經新光路二段和指南路一段,1.671296868656799,途經新光路二段和指南路一段,2.1 公里,8 分,2.1,8.0
369,143,世新大學,捷運動物園站(2號出口),"24.98862,121.54361","24.997659,121.578752",途經新光路二段,3.6863709205025916,途經新光路二段,7.2 公里,21 分,7.2,21.0
383,143,一壽橋,捷運動物園站(2號出口),"24.97848,121.55545","24.997659,121.578752",途經新光路二段,3.169875227133232,途經新光路二段,4.9 公里,15 分,4.9,15.0
385,143,和興路26巷口,捷運動物園站(2號出口),"24.9856,121.54531","24.997659,121.578752",途經新光路二段,3.6308569373549915,途經新光路二段,6.9 公里,20 分,6.9,20.0
388,143,景華街128巷口,捷運動物園站(2號出口),"24.995563,121.547092","24.997659,121.578752",途經新光路二段,3.2045895622358995,途經新光路二段,8.8 公里,27 分,8.8,27.0
391,143,景仁公園,捷運動物園站(2號出口),"24.9966,121.540295","24.997659,121.578752",途經新光路二段,3.8840996930177085,途經新光路二段,8.5 公里,26 分,8.5,26.0
151,144,考試院,國立政治大學,"24.987507,121.549827","24.988363,121.576536",途經指南路二段,2.6982058345021476,途經指南路二段,5.2 公里,16 分,5.2,16.0
166,144,臺北市立景美女中,國立政治大學,"24.980602,121.556177","24.988363,121.576536",途經指南路二段,2.2280438734474495,途經指南路二段,4.0 公里,13 分,4.0,13.0
171,144,文山運動中心,國立政治大學,"24.996842,121.559651","24.988363,121.576536",途經106縣道,1.9462755361719062,途經106縣道,3.2 公里,11 分,3.2,11.0
205,144,木柵光輝路口,國立政治大學,"24.988241,121.55561","24.988363,121.576536",途經106縣道,2.112724778828652,途經106縣道,2.7 公里,9 分,2.7,9.0
206,144,捷運辛亥站,國立政治大學,"25.005386,121.55716","24.988363,121.576536",途經萬寧街,2.7169792772265686,途經萬寧街,5.7 公里,26 分,5.7,26.0
228,144,捷運萬芳社區站,國立政治大學,"24.998811,121.56789","24.988363,121.576536",途經萬芳路,1.4496043395478948,途經萬芳路,2.2 公里,8 分,2.2,8.0
247,144,木柵公園,國立政治大學,"24.987144,121.560627","24.988363,121.576536",途經秀明路一段/106縣道,1.6118402473061562,途經秀明路一段/106縣道,2.4 公里,11 分,2.4,11.0
262,144,永安藝文館-表演36房,國立政治大學,"24.984144,121.569064","24.988363,121.576536",途經木新路二段,0.8874174019169471,途經木新路二段,1.1 公里,5 分,1.1,5.0
272,144,忠順區民活動中心,國立政治大學,"24.984707,121.563125","24.988363,121.576536",途經木新路二段,1.4132584577635432,途經木新路二段,1.8 公里,8 分,1.8,8.0
296,144,萬和二號公園,國立政治大學,"25.001545,121.536446","24.988363,121.576536",途經指南路二段,4.302612337581886,途經指南路二段,8.5 公里,26 分,8.5,26.0
315,144,捷運萬隆站(1號出口),國立政治大學,"25.001447,121.539037","24.988363,121.576536",途經羅斯福路五段218巷,4.053642707824356,途經羅斯福路五段218巷,8.9 公里,28 分,8.9,28.0
335,144,景文中學,國立政治大學,"24.986301,121.567855","24.988363,121.576536",途經秀明路二段和木柵路三段,0.9057126717895801,途經秀明路二段和木柵路三段,1.7 公里,6 分,1.7,6.0
369,144,世新大學,國立政治大學,"24.98862,121.54361","24.988363,121.576536",途經恆光橋,3.3243141100249898,途經恆光橋,6.7 公里,22 分,6.7,22.0
383,144,一壽橋,國立政治大學,"24.97848,121.55545","24.988363,121.576536",途經指南路二段,2.393910872440428,途經指南路二段,4.0 公里,12 分,4.0,12.0
385,144,和興路26巷口,國立政治大學,"24.9856,121.54531","24.988363,121.576536",途經恆光橋,3.1674216451788317,途經恆光橋,6.4 公里,20 分,6.4,20.0
388,144,景華街128巷口,國立政治大學,"24.995563,121.547092","24.988363,121.576536",途經恆光橋和景興路,3.0777048862436365,途經恆光橋和景興路,8.3 公里,27 分,8.3,27.0
391,144,景仁公園,國立政治大學,"24.9966,121.540295","24.988363,121.576536",途經恆光橋和景文街,3.770812246172595,途經恆光橋和景文街,8.0 公里,27 分,8.0,27.0
166,151,臺北市立景美女中,考試院,"24.980602,121.556177","24.987507,121.549827",途經木柵路一段/106縣道,0.998037433806531,途經木柵路一段/106縣道,1.9 公里,7 分,1.9,7.0
171,151,文山運動中心,考試院,"24.996842,121.559651","24.987507,121.549827",途經106縣道和興隆路三段,1.4328113027175473,途經106縣道和興隆路三段,2.2 公里,8 分,2.2,8.0
205,151,木柵光輝路口,考試院,"24.988241,121.55561","24.987507,121.549827",途經木柵路一段/106縣道,0.589485887145107,途經木柵路一段/106縣道,750 公尺,3 分,0.75,3.0
206,151,捷運辛亥站,考試院,"25.005386,121.55716","24.987507,121.549827",途經景興路和興隆路二段,2.1143407152480496,途經景興路和興隆路二段,4.5 公里,18 分,4.5,18.0
228,151,捷運萬芳社區站,考試院,"24.998811,121.56789","24.987507,121.549827",途經106縣道,2.2120857890497994,途經106縣道,3.5 公里,12 分,3.5,12.0
247,151,木柵公園,考試院,"24.987144,121.560627","24.987507,121.549827",途經下崙路,1.0911139765666042,途經下崙路,1.5 公里,7 分,1.5,7.0
262,151,永安藝文館-表演36房,考試院,"24.984144,121.569064","24.987507,121.549827",途經木柵路一段76巷,1.9776038154807132,途經木柵路一段76巷,4.2 公里,14 分,4.2,14.0
272,151,忠順區民活動中心,考試院,"24.984707,121.563125","24.987507,121.549827",途經106縣道,1.3779464623423003,途經106縣道,1.9 公里,8 分,1.9,8.0
296,151,萬和二號公園,考試院,"25.001545,121.536446","24.987507,121.549827",途經106縣道和台9線,2.059847540552118,途經106縣道和台9線,3.4 公里,13 分,3.4,13.0
315,151,捷運萬隆站(1號出口),考試院,"25.001447,121.539037","24.987507,121.549827",途經106縣道,1.8897208081187906,途經106縣道,3.5 公里,13 分,3.5,13.0
335,151,景文中學,考試院,"24.986301,121.567855","24.987507,121.549827",途經忠順街一段,1.825017136675233,途經忠順街一段,2.5 公里,9 分,2.5,9.0
369,151,世新大學,考試院,"24.98862,121.54361","24.987507,121.549827",途經木柵路一段59巷和木柵路一段,0.639661402195024,途經木柵路一段59巷和木柵路一段,1.0 公里,4 分,1.0,4.0
383,151,一壽橋,考試院,"24.97848,121.55545","24.987507,121.549827",途經木柵路一段76巷,1.1498676645812125,途經木柵路一段76巷,2.6 公里,10 分,2.6,10.0
385,151,和興路26巷口,考試院,"24.9856,121.54531","24.987507,121.549827",途經木柵路一段59巷,0.5025906606797582,途經木柵路一段59巷,800 公尺,4 分,0.8,4.0
388,151,景華街128巷口,考試院,"24.995563,121.547092","24.987507,121.549827",途經106縣道和台9線,0.934126568772462,途經106縣道和台9線,3.0 公里,11 分,3.0,11.0
391,151,景仁公園,考試院,"24.9966,121.540295","24.987507,121.549827",途經106縣道和台9線,1.3930622446008063,途經106縣道和台9線,2.6 公里,10 分,2.6,10.0
171,166,文山運動中心,臺北市立景美女中,"24.996842,121.559651","24.980602,121.556177",途經辛亥路七段和106縣道,1.8328204144622386,途經辛亥路七段和106縣道,2.9 公里,10 分,2.9,10.0
205,166,木柵光輝路口,臺北市立景美女中,"24.988241,121.55561","24.980602,121.556177",途經辛亥路七段,0.848126472167639,途經辛亥路七段,1.5 公里,5 分,1.5,5.0
206,166,捷運辛亥站,臺北市立景美女中,"25.005386,121.55716","24.980602,121.556177",途經興隆路三段,2.7471856788336106,途經興隆路三段,4.3 公里,15 分,4.3,15.0
228,166,捷運萬芳社區站,臺北市立景美女中,"24.998811,121.56789","24.980602,121.556177",途經木新路三段,2.338141075624483,途經木新路三段,4.0 公里,13 分,4.0,13.0
247,166,木柵公園,臺北市立景美女中,"24.987144,121.560627","24.980602,121.556177",途經辛亥路七段和106縣道,0.8526498265116108,途經辛亥路七段和106縣道,2.1 公里,8 分,2.1,8.0
262,166,永安藝文館-表演36房,臺北市立景美女中,"24.984144,121.569064","24.980602,121.556177",途經木新路二段,1.3590001209829712,途經木新路二段,1.5 公里,5 分,1.5,5.0
272,166,忠順區民活動中心,臺北市立景美女中,"24.984707,121.563125","24.980602,121.556177",途經木新路三段,0.8359865717100112,途經木新路三段,1.1 公里,5 分,1.1,5.0
296,166,萬和二號公園,臺北市立景美女中,"25.001545,121.536446","24.980602,121.556177",途經樟新街8巷,3.0577809681547174,途經樟新街8巷,6.0 公里,19 分,6.0,19.0
315,166,捷運萬隆站(1號出口),臺北市立景美女中,"25.001447,121.539037","24.980602,121.556177",途經羅斯福路五段218巷,2.885492757288683,途經羅斯福路五段218巷,6.4 公里,20 分,6.4,20.0
335,166,景文中學,臺北市立景美女中,"24.986301,121.567855","24.980602,121.556177",途經木新路三段和忠順街二段,1.3374218436256489,途經木新路三段和忠順街二段,1.7 公里,6 分,1.7,6.0
369,166,世新大學,臺北市立景美女中,"24.98862,121.54361","24.980602,121.556177",途經樟新街8巷,1.5487746316024107,途經樟新街8巷,3.8 公里,12 分,3.8,12.0
383,166,一壽橋,臺北市立景美女中,"24.97848,121.55545","24.980602,121.556177",途經一壽街,0.24625375216296413,途經一壽街,400 公尺,1 分,0.4,1.0
385,166,和興路26巷口,臺北市立景美女中,"24.9856,121.54531","24.980602,121.556177",途經木新路三段,1.2289472004312587,途經木新路三段,4.7 公里,13 分,4.7,13.0
388,166,景華街128巷口,臺北市立景美女中,"24.995563,121.547092","24.980602,121.556177",途經景興路,1.894158927006256,途經景興路,5.4 公里,17 分,5.4,17.0
391,166,景仁公園,臺北市立景美女中,"24.9966,121.540295","24.980602,121.556177",途經景文街,2.389874029004425,途經景文街,5.1 公里,17 分,5.1,17.0
205,171,木柵光輝路口,文山運動中心,"24.988241,121.55561","24.996842,121.559651",途經興隆路三段和106縣道,1.0364264498402218,途經興隆路三段和106縣道,1.4 公里,5 分,1.4,5.0
206,171,捷運辛亥站,文山運動中心,"25.005386,121.55716","24.996842,121.559651",途經興隆路三段和興德路,0.9792803422619949,途經興隆路三段和興德路,1.7 公里,7 分,1.7,7.0
228,171,捷運萬芳社區站,文山運動中心,"24.998811,121.56789","24.996842,121.559651",途經萬芳路,0.8598652197407848,途經萬芳路,900 公尺,4 分,0.9,4.0
247,171,木柵公園,文山運動中心,"24.987144,121.560627","24.996842,121.559651",途經興隆路三段和興隆路四段,1.0787836400990163,途經興隆路三段和興隆路四段,1.2 公里,5 分,1.2,5.0
262,171,永安藝文館-表演36房,文山運動中心,"24.984144,121.569064","24.996842,121.559651",途經萬芳路,1.697528498470571,途經萬芳路,3.5 公里,12 分,3.5,12.0
272,171,忠順區民活動中心,文山運動中心,"24.984707,121.563125","24.996842,121.559651",途經興隆路三段,1.3892286836507741,途經興隆路三段,1.7 公里,7 分,1.7,7.0
296,171,萬和二號公園,文山運動中心,"25.001545,121.536446","24.996842,121.559651",途經興隆路三段,2.399792010574056,途經興隆路三段,3.1 公里,12 分,3.1,12.0
315,171,捷運萬隆站(1號出口),文山運動中心,"25.001447,121.539037","24.996842,121.559651",途經興隆路三段,2.1426083342777904,途經興隆路三段,2.9 公里,12 分,2.9,12.0
335,171,景文中學,文山運動中心,"24.986301,121.567855","24.996842,121.559651",途經萬芳路,1.4315793825575747,途經萬芳路,2.7 公里,10 分,2.7,10.0
369,171,世新大學,文山運動中心,"24.98862,121.54361","24.996842,121.559651",途經興隆路三段和106縣道,1.8579775874346418,途經興隆路三段和106縣道,3.6 公里,12 分,3.6,12.0
383,171,一壽橋,文山運動中心,"24.97848,121.55545","24.996842,121.559651",途經106縣道和辛亥路七段,2.0777582599532507,途經106縣道和辛亥路七段,3.0 公里,10 分,3.0,10.0
385,171,和興路26巷口,文山運動中心,"24.9856,121.54531","24.996842,121.559651",途經興隆路二段和景興路,1.9097111028644307,途經興隆路二段和景興路,3.9 公里,15 分,3.9,15.0
388,171,景華街128巷口,文山運動中心,"24.995563,121.547092","24.996842,121.559651",途經興隆路三段和興隆路二段,1.2757625301101918,途經興隆路三段和興隆路二段,2.5 公里,9 分,2.5,9.0
391,171,景仁公園,文山運動中心,"24.9966,121.540295","24.996842,121.559651",途經興隆路三段和興隆路二段,1.9542256716263284,途經興隆路三段和興隆路二段,2.8 公里,11 分,2.8,11.0
206,205,捷運辛亥站,木柵光輝路口,"25.005386,121.55716","24.988241,121.55561",途經興隆路三段,1.9056355374359546,途經興隆路三段,2.9 公里,10 分,2.9,10.0
228,205,捷運萬芳社區站,木柵光輝路口,"24.998811,121.56789","24.988241,121.55561",途經106縣道和萬芳路,1.7052472985118032,途經106縣道和萬芳路,2.8 公里,9 分,2.8,9.0
247,205,木柵公園,木柵光輝路口,"24.987144,121.560627","24.988241,121.55561",途經興隆路四段46巷,0.5208896763861609,途經興隆路四段46巷,700 公尺,3 分,0.7,3.0
262,205,永安藝文館-表演36房,木柵光輝路口,"24.984144,121.569064","24.988241,121.55561",途經106縣道,1.432144816087446,途經106縣道,2.6 公里,8 分,2.6,8.0
272,205,忠順區民活動中心,木柵光輝路口,"24.984707,121.563125","24.988241,121.55561",途經下崙路,0.853762153430504,途經下崙路,1.2 公里,5 分,1.2,5.0
296,205,萬和二號公園,木柵光輝路口,"25.001545,121.536446","24.988241,121.55561",途經興隆路三段和興隆路二段,2.4320506996484275,途經興隆路三段和興隆路二段,4.3 公里,14 分,4.3,14.0
315,205,捷運萬隆站(1號出口),木柵光輝路口,"25.001447,121.539037","24.988241,121.55561",途經興隆路三段,2.222451821328901,途經興隆路三段,4.3 公里,15 分,4.3,15.0
335,205,景文中學,木柵光輝路口,"24.986301,121.567855","24.988241,121.55561",途經106縣道和興隆路四段105巷,1.2548001016196535,途經106縣道和興隆路四段105巷,1.6 公里,7 分,1.6,7.0
369,205,世新大學,木柵光輝路口,"24.98862,121.54361","24.988241,121.55561",途經木柵路一段,1.2122416974351544,途經木柵路一段,1.3 公里,4 分,1.3,4.0
383,205,一壽橋,木柵光輝路口,"24.97848,121.55545","24.988241,121.55561",途經辛亥路七段,1.0813723908078157,途經辛亥路七段,1.6 公里,6 分,1.6,6.0
385,205,和興路26巷口,木柵光輝路口,"24.9856,121.54531","24.988241,121.55561",途經木柵路一段/106縣道和木柵路一段76巷,1.0802636449137755,途經木柵路一段/106縣道和木柵路一段76巷,1.9 公里,6 分,1.9,6.0
388,205,景華街128巷口,木柵光輝路口,"24.995563,121.547092","24.988241,121.55561",途經興隆路三段,1.182100033805463,途經興隆路三段,3.5 公里,12 分,3.5,12.0
391,205,景仁公園,木柵光輝路口,"24.9966,121.540295","24.988241,121.55561",途經興隆路三段和興隆路二段,1.8022065564003618,途經興隆路三段和興隆路二段,4.2 公里,14 分,4.2,14.0
228,206,捷運萬芳社區站,捷運辛亥站,"24.998811,121.56789","25.005386,121.55716",途經萬芳路,1.3052730744317682,途經萬芳路,2.3 公里,9 分,2.3,9.0
247,206,木柵公園,捷運辛亥站,"24.987144,121.560627","25.005386,121.55716",途經興隆路三段,2.0508057707143093,途經興隆路三段,2.4 公里,9 分,2.4,9.0
262,206,永安藝文館-表演36房,捷運辛亥站,"24.984144,121.569064","25.005386,121.55716",途經萬芳路,2.642159597469137,途經萬芳路,4.8 公里,17 分,4.8,17.0
272,206,忠順區民活動中心,捷運辛亥站,"24.984707,121.563125","25.005386,121.55716",途經忠順街一段,2.368503341976878,途經忠順街一段,3.7 公里,14 分,3.7,14.0
296,206,萬和二號公園,捷運辛亥站,"25.001545,121.536446","25.005386,121.55716",途經辛亥路四段,2.133870477247847,途經辛亥路四段,3.1 公里,12 分,3.1,12.0
315,206,捷運萬隆站(1號出口),捷運辛亥站,"25.001447,121.539037","25.005386,121.55716",途經辛亥路四段,1.8807819235110628,途經辛亥路四段,3.0 公里,12 分,3.0,12.0
335,206,景文中學,捷運辛亥站,"24.986301,121.567855","25.005386,121.55716",途經萬芳路,2.3738497870692816,途經萬芳路,4.0 公里,15 分,4.0,15.0
369,206,世新大學,捷運辛亥站,"24.98862,121.54361","25.005386,121.55716",途經興隆路二段203巷和景興路,2.3066048567005413,途經興隆路二段203巷和景興路,3.6 公里,14 分,3.6,14.0
383,206,一壽橋,捷運辛亥站,"24.97848,121.55545","25.005386,121.55716",途經辛亥路五段,2.9854476280581603,途經辛亥路五段,5.0 公里,17 分,5.0,17.0
385,206,和興路26巷口,捷運辛亥站,"24.9856,121.54531","25.005386,121.55716",途經景華街,2.4969804509535694,途經景華街,4.2 公里,16 分,4.2,16.0
388,206,景華街128巷口,捷運辛亥站,"24.995563,121.547092","25.005386,121.55716",途經興隆路二段,1.4889595957570814,途經興隆路二段,2.3 公里,8 分,2.3,8.0
391,206,景仁公園,捷運辛亥站,"24.9966,121.540295","25.005386,121.55716",途經景華街,1.9610598732960984,途經景華街,2.7 公里,10 分,2.7,10.0
247,228,木柵公園,捷運萬芳社區站,"24.987144,121.560627","24.998811,121.56789",途經萬芳路和106縣道,1.4859023406514353,途經萬芳路和106縣道,2.5 公里,10 分,2.5,10.0
262,228,永安藝文館-表演36房,捷運萬芳社區站,"24.984144,121.569064","24.998811,121.56789",途經萬芳路,1.6290215223980127,途經萬芳路,2.6 公里,9 分,2.6,9.0
272,228,忠順區民活動中心,捷運萬芳社區站,"24.984707,121.563125","24.998811,121.56789",途經萬芳路和106縣道,1.6347236261076092,途經萬芳路和106縣道,2.8 公里,11 分,2.8,11.0
296,228,萬和二號公園,捷運萬芳社區站,"25.001545,121.536446","24.998811,121.56789",途經萬芳路,3.1886847427239604,途經萬芳路,3.9 公里,14 分,3.9,14.0
315,228,捷運萬隆站(1號出口),捷運萬芳社區站,"25.001447,121.539037","24.998811,121.56789",途經萬芳路,2.927309592404948,途經萬芳路,3.7 公里,14 分,3.7,14.0
335,228,景文中學,捷運萬芳社區站,"24.986301,121.567855","24.998811,121.56789",途經萬芳路和指南路一段,1.3857719237127188,途經萬芳路和指南路一段,2.5 公里,10 分,2.5,10.0
369,228,世新大學,捷運萬芳社區站,"24.98862,121.54361","24.998811,121.56789",途經萬芳路,2.6986531628573265,途經萬芳路,7.0 公里,21 分,7.0,21.0
383,228,一壽橋,捷運萬芳社區站,"24.97848,121.55545","24.998811,121.56789",途經萬芳路,2.578646245305963,途經萬芳路,4.8 公里,15 分,4.8,15.0
385,228,和興路26巷口,捷運萬芳社區站,"24.9856,121.54531","24.998811,121.56789",途經萬芳路,2.7089032799928687,途經萬芳路,6.7 公里,20 分,6.7,20.0
388,228,景華街128巷口,捷運萬芳社區站,"24.995563,121.547092","24.998811,121.56789",途經萬芳路,2.1302116787064973,途經萬芳路,2.9 公里,11 分,2.9,11.0
391,228,景仁公園,捷運萬芳社區站,"24.9966,121.540295","24.998811,121.56789",途經萬芳路,2.7965151057764457,途經萬芳路,3.7 公里,14 分,3.7,14.0
262,247,永安藝文館-表演36房,木柵公園,"24.984144,121.569064","24.987144,121.560627",途經興隆路四段105巷,0.9143433722616467,途經興隆路四段105巷,1.5 公里,7 分,1.5,7.0
272,247,忠順區民活動中心,木柵公園,"24.984707,121.563125","24.987144,121.560627",途經興隆路四段109巷,0.36943267371404304,途經興隆路四段109巷,550 公尺,3 分,0.55,3.0
296,247,萬和二號公園,木柵公園,"25.001545,121.536446","24.987144,121.560627",途經106縣道,2.9161920697238943,途經106縣道,4.3 公里,15 分,4.3,15.0
315,247,捷運萬隆站(1號出口),木柵公園,"25.001447,121.539037","24.987144,121.560627",途經106縣道,2.6946212645461682,途經106縣道,4.7 公里,17 分,4.7,17.0
335,247,景文中學,木柵公園,"24.986301,121.567855","24.987144,121.560627",途經興隆路四段105巷,0.7356961265594006,途經興隆路四段105巷,1.1 公里,5 分,1.1,5.0
369,247,世新大學,木柵公園,"24.98862,121.54361","24.987144,121.560627",途經106縣道,1.725798535136464,途經106縣道,2.0 公里,7 分,2.0,7.0
383,247,一壽橋,木柵公園,"24.97848,121.55545","24.987144,121.560627",途經辛亥路七段,1.0928383572506644,途經辛亥路七段,1.8 公里,8 分,1.8,8.0
385,247,和興路26巷口,木柵公園,"24.9856,121.54531","24.987144,121.560627",途經106縣道,1.5558523466017469,途經106縣道,2.3 公里,8 分,2.3,8.0
388,247,景華街128巷口,木柵公園,"24.995563,121.547092","24.987144,121.560627",途經106縣道,1.6543683034147927,途經106縣道,3.7 公里,14 分,3.7,14.0
391,247,景仁公園,木柵公園,"24.9966,121.540295","24.987144,121.560627",途經106縣道和景福街,2.3044671577302704,途經106縣道和景福街,5.0 公里,18 分,5.0,18.0
272,262,忠順區民活動中心,永安藝文館-表演36房,"24.984707,121.563125","24.984144,121.569064",途經木新路二段,0.6028526421749424,途經木新路二段,850 公尺,3 分,0.85,3.0
296,262,萬和二號公園,永安藝文館-表演36房,"25.001545,121.536446","24.984144,121.569064",途經木新路二段111巷,3.8156517611916385,途經木新路二段111巷,7.4 公里,23 分,7.4,23.0
315,262,捷運萬隆站(1號出口),永安藝文館-表演36房,"25.001447,121.539037","24.984144,121.569064",途經羅斯福路五段218巷,3.5865249079414694,途經羅斯福路五段218巷,7.8 公里,24 分,7.8,24.0
335,262,景文中學,永安藝文館-表演36房,"24.986301,121.567855","24.984144,121.569064",途經木新路二段和保儀路,0.2683098135218312,途經木新路二段和保儀路,650 公尺,2 分,0.65,2.0
369,262,世新大學,永安藝文館-表演36房,"24.98862,121.54361","24.984144,121.569064",途經木新路二段111巷,2.617260227069359,途經木新路二段111巷,5.2 公里,16 分,5.2,16.0
383,262,一壽橋,永安藝文館-表演36房,"24.97848,121.55545","24.984144,121.569064",途經樟新街,1.5109657589076537,途經樟新街,2.9 公里,9 分,2.9,9.0
385,262,和興路26巷口,永安藝文館-表演36房,"24.9856,121.54531","24.984144,121.569064",途經木新路二段111巷,2.4036791253625154,途經木新路二段111巷,4.9 公里,14 分,4.9,14.0
388,262,景華街128巷口,永安藝文館-表演36房,"24.995563,121.547092","24.984144,121.569064",途經景興路,2.553560925639869,途經景興路,6.8 公里,21 分,6.8,21.0
391,262,景仁公園,永安藝文館-表演36房,"24.9966,121.540295","24.984144,121.569064",途經景文街,3.2155391296695135,途經景文街,6.5 公里,21 分,6.5,21.0
296,272,萬和二號公園,忠順區民活動中心,"25.001545,121.536446","24.984707,121.563125",途經木新路三段74巷,3.276176202216596,途經木新路三段74巷,7.0 公里,23 分,7.0,23.0
315,272,捷運萬隆站(1號出口),忠順區民活動中心,"25.001447,121.539037","24.984707,121.563125",途經羅斯福路五段218巷,3.058156578155522,途經羅斯福路五段218巷,7.4 公里,24 分,7.4,24.0
335,272,景文中學,忠順區民活動中心,"24.986301,121.567855","24.984707,121.563125",途經興隆路四段145巷,0.5091478009725009,途經興隆路四段145巷,700 公尺,3 分,0.7,3.0
369,272,世新大學,忠順區民活動中心,"24.98862,121.54361","24.984707,121.563125",途經木新路三段74巷,2.0173698819751524,途經木新路三段74巷,4.8 公里,15 分,4.8,15.0
383,272,一壽橋,忠順區民活動中心,"24.97848,121.55545","24.984707,121.563125",途經木新路三段155巷,1.0374388050795698,途經木新路三段155巷,1.5 公里,6 分,1.5,6.0
385,272,和興路26巷口,忠順區民活動中心,"24.9856,121.54531","24.984707,121.563125",途經木新路三段74巷,1.8013600036916588,途經木新路三段74巷,4.5 公里,14 分,4.5,14.0
388,272,景華街128巷口,忠順區民活動中心,"24.995563,121.547092","24.984707,121.563125",途經景興路,2.016479711613136,途經景興路,6.4 公里,21 分,6.4,21.0
391,272,景仁公園,忠順區民活動中心,"24.9966,121.540295","24.984707,121.563125",途經景文街,2.6548066318156,途經景文街,6.0 公里,21 分,6.0,21.0
315,296,捷運萬隆站(1號出口),萬和二號公園,"25.001447,121.539037","25.001545,121.536446",途經羅斯福路五段218巷,0.26178369866914863,途經羅斯福路五段218巷,400 公尺,2 分,0.4,2.0
335,296,景文中學,萬和二號公園,"24.986301,121.567855","25.001545,121.536446",途經保儀路,3.5924961905139887,途經保儀路,7.2 公里,22 分,7.2,22.0
369,296,世新大學,萬和二號公園,"24.98862,121.54361","25.001545,121.536446",途經景美堤便,1.6040400962009356,途經景美堤便,2.4 公里,10 分,2.4,10.0
383,296,一壽橋,萬和二號公園,"24.97848,121.55545","25.001545,121.536446",途經汀洲路四段,3.1951454460561095,途經汀洲路四段,5.9 公里,18 分,5.9,18.0
385,296,和興路26巷口,萬和二號公園,"24.9856,121.54531","25.001545,121.536446",途經汀洲路四段,1.9800268366400753,途經汀洲路四段,2.8 公里,9 分,2.8,9.0
388,296,景華街128巷口,萬和二號公園,"24.995563,121.547092","25.001545,121.536446",途經羅斯福路六段/台9線和景華街,1.262590490547094,途經羅斯福路六段/台9線和景華街,1.7 公里,7 分,1.7,7.0
391,296,景仁公園,萬和二號公園,"24.9966,121.540295","25.001545,121.536446",途經萬隆街和羅斯福路六段/台9線,0.6715897056156314,途經萬隆街和羅斯福路六段/台9線,900 公尺,3 分,0.9,3.0
335,315,景文中學,捷運萬隆站(1號出口),"24.986301,121.567855","25.001447,121.539037",途經萬隆街,3.358431207890855,途經萬隆街,7.6 公里,23 分,7.6,23.0
369,315,世新大學,捷運萬隆站(1號出口),"24.98862,121.54361","25.001447,121.539037",途經萬隆街,1.494001715080959,途經萬隆街,2.6 公里,9 分,2.6,9.0
383,315,一壽橋,捷運萬隆站(1號出口),"24.97848,121.55545","25.001447,121.539037",途經萬隆街,3.036161495685498,途經萬隆街,6.3 公里,19 分,6.3,19.0
385,315,和興路26巷口,捷運萬隆站(1號出口),"24.9856,121.54531","25.001447,121.539037",途經萬隆街,1.8661583231278216,途經萬隆街,3.2 公里,10 分,3.2,10.0
388,315,景華街128巷口,捷運萬隆站(1號出口),"24.995563,121.547092","25.001447,121.539037",途經台9線和景華街,1.0421423847587306,途經台9線和景華街,1.4 公里,5 分,1.4,5.0
391,315,景仁公園,捷運萬隆站(1號出口),"24.9966,121.540295","25.001447,121.539037",途經台9線,0.5517308644353006,途經台9線,600 公尺,2 分,0.6,2.0
369,335,世新大學,景文中學,"24.98862,121.54361","24.986301,121.567855",途經保儀路109巷,2.461225569467166,途經保儀路109巷,5.6 公里,18 分,5.6,18.0
383,335,一壽橋,景文中學,"24.97848,121.55545","24.986301,121.567855",途經保儀路,1.5229030815843907,途經保儀路,1.8 公里,6 分,1.8,6.0
385,335,和興路26巷口,景文中學,"24.9856,121.54531","24.986301,121.567855",途經保儀路109巷,2.2775026727165026,途經保儀路109巷,5.3 公里,16 分,5.3,16.0
388,335,景華街128巷口,景文中學,"24.995563,121.547092","24.986301,121.567855",途經景興路,2.333795635853792,途經景興路,6.6 公里,21 分,6.6,21.0
391,335,景仁公園,景文中學,"24.9966,121.540295","24.986301,121.567855",途經景文街,3.0071842672718114,途經景文街,6.3 公里,21 分,6.3,21.0
383,369,一壽橋,世新大學,"24.97848,121.55545","24.98862,121.54361",途經樟新街,1.640322098143757,途經樟新街,3.7 公里,11 分,3.7,11.0
385,369,和興路26巷口,世新大學,"24.9856,121.54531","24.98862,121.54361",途經木柵路一段,0.3759928086411761,途經木柵路一段,650 公尺,2 分,0.65,2.0
388,369,景華街128巷口,世新大學,"24.995563,121.547092","24.98862,121.54361",途經景後街,0.8456248981576991,途經景後街,1.4 公里,5 分,1.4,5.0
391,369,景仁公園,世新大學,"24.9966,121.540295","24.98862,121.54361",途經台9線,0.9451988874507913,途經台9線,1.8 公里,7 分,1.8,7.0
385,383,和興路26巷口,一壽橋,"24.9856,121.54531","24.97848,121.55545",途經樟新街,1.2923545499134164,途經樟新街,3.4 公里,10 分,3.4,10.0
388,383,景華街128巷口,一壽橋,"24.995563,121.547092","24.97848,121.55545",途經景興路,2.071946103293438,途經景興路,5.3 公里,17 分,5.3,17.0
391,383,景仁公園,一壽橋,"24.9966,121.540295","24.97848,121.55545",途經景文街,2.523869836676399,途經景文街,5.0 公里,16 分,5.0,16.0
388,385,景華街128巷口,和興路26巷口,"24.995563,121.547092","24.9856,121.54531",途經景興路,1.1181963706419136,途經景興路,2.2 公里,8 分,2.2,8.0
391,385,景仁公園,和興路26巷口,"24.9966,121.540295","24.9856,121.54531",途經景文街,1.3195013546159045,途經景文街,1.9 公里,8 分,1.9,8.0
391,388,景仁公園,景華街128巷口,"24.9966,121.540295","24.995563,121.547092",途經景華街97巷,0.6957282390579306,途經景華街97巷,900 公尺,4 分,0.9,4.0
66,66,師範大學公館校區,師範大學公館校區,"25.007528,121.537188","25.007528,121.537188",0,0.0,0,0,0,0.0,0.0
69,69,興豐公園,興豐公園,"24.999837,121.547778","24.999837,121.547778",0,0.0,0,0,0,0.0,0.0
94,94,捷運景美站,捷運景美站,"24.993254,121.541059","24.993254,121.541059",0,0.0,0,0,0,0.0,0.0
98,98,羅斯福景隆街口,羅斯福景隆街口,"24.999378,121.540197","24.999378,121.540197",0,0.0,0,0,0,0.0,0.0
104,104,台北花木批發市場,台北花木批發市場,"25.004023,121.54074","25.004023,121.54074",0,0.0,0,0,0,0.0,0.0
141,141,文山行政中心,文山行政中心,"24.989902,121.569984","24.989902,121.569984",0,0.0,0,0,0,0.0,0.0
142,142,捷運木柵站,捷運木柵站,"24.997996,121.57444","24.997996,121.57444",0,0.0,0,0,0,0.0,0.0
143,143,捷運動物園站(2號出口),捷運動物園站(2號出口),"24.997659,121.578752","24.997659,121.578752",0,0.0,0,0,0,0.0,0.0
144,144,國立政治大學,國立政治大學,"24.988363,121.576536","24.988363,121.576536",0,0.0,0,0,0,0.0,0.0
151,151,考試院,考試院,"24.987507,121.549827","24.987507,121.549827",0,0.0,0,0,0,0.0,0.0
166,166,臺北市立景美女中,臺北市立景美女中,"24.980602,121.556177","24.980602,121.556177",0,0.0,0,0,0,0.0,0.0
171,171,文山運動中心,文山運動中心,"24.996842,121.559651","24.996842,121.559651",0,0.0,0,0,0,0.0,0.0
205,205,木柵光輝路口,木柵光輝路口,"24.988241,121.55561","24.988241,121.55561",0,0.0,0,0,0,0.0,0.0
206,206,捷運辛亥站,捷運辛亥站,"25.005386,121.55716","25.005386,121.55716",0,0.0,0,0,0,0.0,0.0
228,228,捷運萬芳社區站,捷運萬芳社區站,"24.998811,121.56789","24.998811,121.56789",0,0.0,0,0,0,0.0,0.0
247,247,木柵公園,木柵公園,"24.987144,121.560627","24.987144,121.560627",0,0.0,0,0,0,0.0,0.0
262,262,永安藝文館-表演36房,永安藝文館-表演36房,"24.984144,121.569064","24.984144,121.569064",0,0.0,0,0,0,0.0,0.0
272,272,忠順區民活動中心,忠順區民活動中心,"24.984707,121.563125","24.984707,121.563125",0,0.0,0,0,0,0.0,0.0
296,296,萬和二號公園,萬和二號公園,"25.001545,121.536446","25.001545,121.536446",0,0.0,0,0,0,0.0,0.0
315,315,捷運萬隆站(1號出口),捷運萬隆站(1號出口),"25.001447,121.539037","25.001447,121.539037",0,0.0,0,0,0,0.0,0.0
335,335,景文中學,景文中學,"24.986301,121.567855","24.986301,121.567855",0,0.0,0,0,0,0.0,0.0
369,369,世新大學,世新大學,"24.98862,121.54361","24.98862,121.54361",0,0.0,0,0,0,0.0,0.0
383,383,一壽橋,一壽橋,"24.97848,121.55545","24.97848,121.55545",0,0.0,0,0,0,0.0,0.0
385,385,和興路26巷口,和興路26巷口,"24.9856,121.54531","24.9856,121.54531",0,0.0,0,0,0,0.0,0.0
388,388,景華街128巷口,景華街128巷口,"24.995563,121.547092","24.995563,121.547092",0,0.0,0,0,0,0.0,0.0
391,391,景仁公園,景仁公園,"24.9966,121.540295","24.9966,121.540295",0,0.0,0,0,0,0.0,0.0
