coordinate_pair,route,distance,trip duration,distance_value(km),time_value(min)
"24.97848,121.55545/24.9856,121.54531",途經樟新街,3.4 公里,10 分,3.4,10
"24.97848,121.55545/24.995563,121.547092",途經台9線,3.9 公里,15 分,3.9,15
"24.97848,121.55545/24.995563,121.547092",途經景興路,5.3 公里,17 分,5.3,17
"24.97848,121.55545/24.995563,121.547092",途經興隆路三段,5.0 公里,20 分,5.0,20
"24.97848,121.55545/24.9966,121.540295",途經台9線,3.5 公里,15 分,3.5,15
"24.97848,121.55545/24.9966,121.540295",途經景文街,5.0 公里,16 分,5.0,16
"24.980602,121.556177/24.97848,121.55545",途經一壽街,400 公尺,1 分,0.4,1
"24.980602,121.556177/24.97848,121.55545",途經一壽街20巷,350 公尺,1 分,0.35,1
"24.980602,121.556177/24.984144,121.569064",途經木新路三段和木新路二段,1.4 公里,4 分,1.4,4
"24.980602,121.556177/24.984144,121.569064",途經木新路二段,1.5 公里,5 分,1.5,5
"24.980602,121.556177/24.984707,121.563125",途經木新路三段,1.1 公里,5 分,1.1,5
"24.980602,121.556177/24.984707,121.563125",途經木新路三段和忠順街一段26巷,1.1 公里,5 分,1.1,5
"24.980602,121.556177/24.984707,121.563125",途經木新路三段和興隆路四段,1.1 公里,4 分,1.1,4
"24.980602,121.556177/24.9856,121.54531",途經木新路三段,4.7 公里,13 分,4.7,13
"24.980602,121.556177/24.9856,121.54531",途經樟新街8巷,3.5 公里,10 分,3.5,10
"24.980602,121.556177/24.9856,121.54531",途經辛亥路七段,2.5 公里,8 分,2.5,8
"24.980602,121.556177/24.986301,121.567855",途經保儀路,1.6 公里,5 分,1.6,5
"24.980602,121.556177/24.986301,121.567855",途經木新路三段和保儀路,1.4 公里,5 分,1.4,5
"24.980602,121.556177/24.986301,121.567855",途經木新路三段和忠順街二段,1.7 公里,6 分,1.7,6
"24.980602,121.556177/24.987144,121.560627",途經木新路三段和興隆路四段,1.3 公里,5 分,1.3,5
"24.980602,121.556177/24.987144,121.560627",途經辛亥路七段,1.6 公里,7 分,1.6,7
"24.980602,121.556177/24.987144,121.560627",途經辛亥路七段和106縣道,2.1 公里,8 分,2.1,8
"24.980602,121.556177/24.988241,121.55561",途經木新路三段310巷,1.3 公里,6 分,1.3,6
"24.980602,121.556177/24.988241,121.55561",途經辛亥路七段,1.5 公里,5 分,1.5,5
"24.980602,121.556177/24.988241,121.55561",途經辛亥路七段和光輝路,1.3 公里,5 分,1.3,5
"24.980602,121.556177/24.98862,121.54361",途經寶元路一段,2.6 公里,10 分,2.6,10
"24.980602,121.556177/24.98862,121.54361",途經樟新街8巷,3.8 公里,12 分,3.8,12
"24.980602,121.556177/24.98862,121.54361",途經辛亥路七段和木柵路一段,2.1 公里,7 分,2.1,7
"24.980602,121.556177/24.995563,121.547092",途經台9線,3.8 公里,13 分,3.8,13
"24.980602,121.556177/24.995563,121.547092",途經景興路,5.4 公里,17 分,5.4,17
"24.980602,121.556177/24.995563,121.547092",途經辛亥路七段,3.9 公里,13 分,3.9,13
"24.980602,121.556177/24.9966,121.540295",途經台9線,3.5 公里,12 分,3.5,12
"24.980602,121.556177/24.9966,121.540295",途經景文街,5.1 公里,17 分,5.1,17
"24.980602,121.556177/24.996842,121.559651",途經木新路三段、興隆路四段和興隆路三段,2.4 公里,10 分,2.4,10
"24.980602,121.556177/24.996842,121.559651",途經辛亥路七段和106縣道,2.9 公里,10 分,2.9,10
"24.980602,121.556177/24.998811,121.56789",途經木新路三段,4.0 公里,13 分,4.0,13
"24.980602,121.556177/24.998811,121.56789",途經萬芳路,3.8 公里,12 分,3.8,12
"24.980602,121.556177/24.998811,121.56789",途經辛亥路七段,3.7 公里,12 分,3.7,12
"24.980602,121.556177/25.001447,121.539037",途經寶元路一段,5.5 公里,19 分,5.5,19
"24.980602,121.556177/25.001447,121.539037",途經羅斯福路五段218巷,6.4 公里,20 分,6.4,20
"24.980602,121.556177/25.001447,121.539037",途經辛亥路七段,4.9 公里,17 分,4.9,17
"24.980602,121.556177/25.001545,121.536446",途經寶元路一段,5.1 公里,18 分,5.1,18
"24.980602,121.556177/25.001545,121.536446",途經樟新街8巷,6.0 公里,19 分,6.0,19
"24.980602,121.556177/25.001545,121.536446",途經辛亥路七段,4.5 公里,15 分,4.5,15
"24.980602,121.556177/25.005386,121.55716",途經興隆路三段,4.3 公里,15 分,4.3,15
"24.980602,121.556177/25.005386,121.55716",途經興隆路四段和興隆路三段,3.8 公里,14 分,3.8,14
"24.980602,121.556177/25.005386,121.55716",途經辛亥路七段,3.4 公里,13 分,3.4,13
"24.984144,121.569064/24.97848,121.55545",途經木新路二段,1.7 公里,5 分,1.7,5
"24.984144,121.569064/24.97848,121.55545",途經木新路二段111巷,2.1 公里,6 分,2.1,6
"24.984144,121.569064/24.97848,121.55545",途經樟新街,2.9 公里,9 分,2.9,9
"24.984144,121.569064/24.984707,121.563125",途經忠順街二段,700 公尺,3 分,0.7,3
"24.984144,121.569064/24.984707,121.563125",途經木新路二段,850 公尺,3 分,0.85,3
"24.984144,121.569064/24.984707,121.563125",途經木新路二段和中崙路,850 公尺,3 分,0.85,3
"24.984144,121.569064/24.9856,121.54531",途經木新路二段111巷,4.9 公里,14 分,4.9,14
"24.984144,121.569064/24.986301,121.567855",途經保儀路109巷,500 公尺,2 分,0.5,2
"24.984144,121.569064/24.986301,121.567855",途經木新路二段218巷和保儀路,500 公尺,2 分,0.5,2
"24.984144,121.569064/24.986301,121.567855",途經木新路二段和保儀路,650 公尺,2 分,0.65,2
"24.984144,121.569064/24.98862,121.54361",途經106縣道,3.4 公里,12 分,3.4,12
"24.984144,121.569064/24.98862,121.54361",途經木新路三段、辛亥路七段和木柵路一段,3.5 公里,11 分,3.5,11
"24.984144,121.569064/24.98862,121.54361",途經木新路二段111巷,5.2 公里,16 分,5.2,16
"24.984144,121.569064/24.995563,121.547092",途經景興路,6.8 公里,21 分,6.8,21
"24.984144,121.569064/24.995563,121.547092",途經興隆路三段,4.5 公里,17 分,4.5,17
"24.984144,121.569064/24.995563,121.547092",途經萬芳路,5.5 公里,19 分,5.5,19
"24.984144,121.569064/24.9966,121.540295",途經台9線,4.8 公里,17 分,4.8,17
"24.984144,121.569064/24.9966,121.540295",途經景文街,6.5 公里,21 分,6.5,21
"24.984144,121.569064/25.001447,121.539037",途經106縣道,6.1 公里,22 分,6.1,22
"24.984144,121.569064/25.001447,121.539037",途經木新路三段,6.2 公里,21 分,6.2,21
"24.984144,121.569064/25.001447,121.539037",途經羅斯福路五段218巷,7.8 公里,24 分,7.8,24
"24.984144,121.569064/25.001545,121.536446",途經106縣道,5.7 公里,20 分,5.7,20
"24.984144,121.569064/25.001545,121.536446",途經木新路三段,5.8 公里,19 分,5.8,19
"24.984144,121.569064/25.001545,121.536446",途經木新路二段111巷,7.4 公里,23 分,7.4,23
"24.984707,121.563125/24.97848,121.55545",途經木新路三段,1.4 公里,6 分,1.4,6
"24.984707,121.563125/24.97848,121.55545",途經木新路三段155巷,1.5 公里,6 分,1.5,6
"24.984707,121.563125/24.97848,121.55545",途經木新路三段74巷,1.4 公里,6 分,1.4,6
"24.984707,121.563125/24.9856,121.54531",途經106縣道,2.8 公里,10 分,2.8,10
"24.984707,121.563125/24.9856,121.54531",途經光輝路,2.8 公里,10 分,2.8,10
"24.984707,121.563125/24.9856,121.54531",途經木新路三段74巷,4.5 公里,14 分,4.5,14
"24.984707,121.563125/24.986301,121.567855",途經忠順街二段,650 公尺,3 分,0.65,3
"24.984707,121.563125/24.986301,121.567855",途經忠順街二段和保儀路,600 公尺,2 分,0.6,2
"24.984707,121.563125/24.986301,121.567855",途經興隆路四段145巷,700 公尺,3 分,0.7,3
"24.984707,121.563125/24.98862,121.54361",途經106縣道,2.5 公里,8 分,2.5,8
"24.984707,121.563125/24.98862,121.54361",途經木新路三段74巷,4.8 公里,15 分,4.8,15
"24.984707,121.563125/24.98862,121.54361",途經木柵路一段,2.5 公里,9 分,2.5,9
"24.984707,121.563125/24.995563,121.547092",途經106縣道,4.2 公里,15 分,4.2,15
"24.984707,121.563125/24.995563,121.547092",途經景興路,6.4 公里,21 分,6.4,21
"24.984707,121.563125/24.995563,121.547092",途經興隆路三段,3.6 公里,14 分,3.6,14
"24.984707,121.563125/24.9966,121.540295",途經106縣道,3.9 公里,15 分,3.9,15
"24.984707,121.563125/24.9966,121.540295",途經106縣道和景文街,3.9 公里,15 分,3.9,15
"24.984707,121.563125/24.9966,121.540295",途經景文街,6.0 公里,21 分,6.0,21
"24.984707,121.563125/25.001447,121.539037",途經106縣道,5.2 公里,18 分,5.2,18
"24.984707,121.563125/25.001447,121.539037",途經羅斯福路五段218巷,7.4 公里,24 分,7.4,24
"24.984707,121.563125/25.001447,121.539037",途經興隆路三段,4.4 公里,17 分,4.4,17
"24.984707,121.563125/25.001545,121.536446",途經106縣道,4.8 公里,17 分,4.8,17
"24.984707,121.563125/25.001545,121.536446",途經木新路三段74巷,7.0 公里,23 分,7.0,23
"24.984707,121.563125/25.001545,121.536446",途經興隆路四段和106縣道,4.8 公里,17 分,4.8,17
"24.9856,121.54531/24.995563,121.547092",途經景興路,2.2 公里,8 分,2.2,8
"24.9856,121.54531/24.9966,121.540295",途經景文街,1.9 公里,8 分,1.9,8
"24.986301,121.567855/24.97848,121.55545",途經保儀路,1.8 公里,6 分,1.8,6
"24.986301,121.567855/24.97848,121.55545",途經保儀路、木新路三段和一壽街,1.8 公里,6 分,1.8,6
"24.986301,121.567855/24.97848,121.55545",途經保儀路和木新路三段,1.7 公里,6 分,1.7,6
"24.986301,121.567855/24.9856,121.54531",途經106縣道,3.3 公里,12 分,3.3,12
"24.986301,121.567855/24.9856,121.54531",途經保儀路,4.7 公里,14 分,4.7,14
"24.986301,121.567855/24.9856,121.54531",途經保儀路109巷,5.3 公里,16 分,5.3,16
"24.986301,121.567855/24.98862,121.54361",途經106縣道,3.0 公里,11 分,3.0,11
"24.986301,121.567855/24.98862,121.54361",途經保儀路,5.0 公里,16 分,5.0,16
"24.986301,121.567855/24.98862,121.54361",途經保儀路109巷,5.6 公里,18 分,5.6,18
"24.986301,121.567855/24.995563,121.547092",途經106縣道,4.7 公里,17 分,4.7,17
"24.986301,121.567855/24.995563,121.547092",途經景興路,6.6 公里,21 分,6.6,21
"24.986301,121.567855/24.995563,121.547092",途經興隆路三段,4.1 公里,16 分,4.1,16
"24.986301,121.567855/24.9966,121.540295",途經106縣道,4.4 公里,17 分,4.4,17
"24.986301,121.567855/24.9966,121.540295",途經台9線,4.9 公里,17 分,4.9,17
"24.986301,121.567855/24.9966,121.540295",途經景文街,6.3 公里,21 分,6.3,21
"24.987144,121.560627/24.97848,121.55545",途經下崙路,1.7 公里,7 分,1.7,7
"24.987144,121.560627/24.97848,121.55545",途經興隆路四段,1.5 公里,6 分,1.5,6
"24.987144,121.560627/24.97848,121.55545",途經辛亥路七段,1.8 公里,8 分,1.8,8
"24.987144,121.560627/24.984144,121.569064",途經興隆路四段105巷,1.5 公里,7 分,1.5,7
"24.987144,121.560627/24.984144,121.569064",途經興隆路四段和忠順街二段,1.2 公里,5 分,1.2,5
"24.987144,121.560627/24.984144,121.569064",途經興隆路四段和木新路二段,1.3 公里,5 分,1.3,5
"24.987144,121.560627/24.984707,121.563125",途經興隆路四段109巷,550 公尺,3 分,0.55,3
"24.987144,121.560627/24.984707,121.563125",途經興隆路四段和忠順街二段,450 公尺,2 分,0.45,2
"24.987144,121.560627/24.9856,121.54531",途經106縣道,2.3 公里,8 分,2.3,8
"24.987144,121.560627/24.9856,121.54531",途經興隆路四段46巷和106縣道,1.8 公里,7 分,1.8,7
"24.987144,121.560627/24.986301,121.567855",途經興隆路四段105巷,1.1 公里,5 分,1.1,5
"24.987144,121.560627/24.986301,121.567855",途經興隆路四段109巷,1.0 公里,4 分,1.0,4
"24.987144,121.560627/24.986301,121.567855",途經興隆路四段和忠順街二段,1.0 公里,4 分,1.0,4
"24.987144,121.560627/24.98862,121.54361",途經106縣道,2.0 公里,7 分,2.0,7
"24.987144,121.560627/24.995563,121.547092",途經106縣道,3.7 公里,14 分,3.7,14
"24.987144,121.560627/24.995563,121.547092",途經興隆路三段,3.3 公里,13 分,3.3,13
"24.987144,121.560627/24.9966,121.540295",途經106縣道,3.4 公里,13 分,3.4,13
"24.987144,121.560627/24.9966,121.540295",途經106縣道和景福街,5.0 公里,18 分,5.0,18
"24.987144,121.560627/24.9966,121.540295",途經興隆路三段和興隆路二段,4.0 公里,15 分,4.0,15
"24.987144,121.560627/25.001447,121.539037",途經106縣道,4.7 公里,17 分,4.7,17
"24.987144,121.560627/25.001447,121.539037",途經興隆路三段,4.1 公里,16 分,4.1,16
"24.987144,121.560627/25.001447,121.539037",途經興隆路三段和興隆路二段,4.0 公里,15 分,4.0,15
"24.987144,121.560627/25.001545,121.536446",途經106縣道,4.3 公里,15 分,4.3,15
"24.987144,121.560627/25.001545,121.536446",途經興隆路三段和興隆路二段,4.2 公里,15 分,4.2,15
"24.987507,121.549827/24.97848,121.55545",途經木柵路一段76巷,2.6 公里,10 分,2.6,10
"24.987507,121.549827/24.97848,121.55545",途經辛亥路七段,1.7 公里,6 分,1.7,6
"24.987507,121.549827/24.980602,121.556177",途經木柵路一段/106縣道,1.9 公里,7 分,1.9,7
"24.987507,121.549827/24.980602,121.556177",途經辛亥路七段,1.6 公里,6 分,1.6,6
"24.987507,121.549827/24.984144,121.569064",途經106縣道,2.8 公里,11 分,2.8,11
"24.987507,121.549827/24.984144,121.569064",途經下崙路,2.7 公里,11 分,2.7,11
"24.987507,121.549827/24.984144,121.569064",途經木柵路一段76巷,4.2 公里,14 分,4.2,14
"24.987507,121.549827/24.984707,121.563125",途經106縣道,1.9 公里,8 分,1.9,8
"24.987507,121.549827/24.984707,121.563125",途經下崙路,1.8 公里,8 分,1.8,8
"24.987507,121.549827/24.984707,121.563125",途經辛亥路七段和忠順街一段,1.9 公里,7 分,1.9,7
"24.987507,121.549827/24.9856,121.54531",途經106縣道,600 公尺,3 分,0.6,3
"24.987507,121.549827/24.9856,121.54531",途經木柵路一段59巷,800 公尺,4 分,0.8,4
"24.987507,121.549827/24.986301,121.567855",途經106縣道,2.4 公里,10 分,2.4,10
"24.987507,121.549827/24.986301,121.567855",途經下崙路,2.4 公里,10 分,2.4,10
"24.987507,121.549827/24.986301,121.567855",途經忠順街一段,2.5 公里,9 分,2.5,9
"24.987507,121.549827/24.987144,121.560627",途經106縣道,1.4 公里,6 分,1.4,6
"24.987507,121.549827/24.987144,121.560627",途經下崙路,1.5 公里,7 分,1.5,7
"24.987507,121.549827/24.988241,121.55561",途經木柵路一段/106縣道,750 公尺,3 分,0.75,3
"24.987507,121.549827/24.98862,121.54361",途經木柵路一段,750 公尺,3 分,0.75,3
"24.987507,121.549827/24.98862,121.54361",途經木柵路一段59巷和木柵路一段,1.0 公里,4 分,1.0,4
"24.987507,121.549827/24.98862,121.54361",途經木柵路一段70巷和木柵路一段,900 公尺,4 分,0.9,4
"24.987507,121.549827/24.995563,121.547092",途經106縣道和台9線,3.0 公里,11 分,3.0,11
"24.987507,121.549827/24.995563,121.547092",途經景興路,2.5 公里,9 分,2.5,9
"24.987507,121.549827/24.9966,121.540295",途經106縣道和台9線,2.6 公里,10 分,2.6,10
"24.987507,121.549827/24.9966,121.540295",途經景文街,2.2 公里,9 分,2.2,9
"24.987507,121.549827/24.996842,121.559651",途經106縣道和興隆路三段,2.2 公里,8 分,2.2,8
"24.987507,121.549827/24.998811,121.56789",途經106縣道,3.5 公里,12 分,3.5,12
"24.987507,121.549827/24.998811,121.56789",途經106縣道和萬芳路,3.0 公里,10 分,3.0,10
"24.987507,121.549827/25.001447,121.539037",途經106縣道,3.5 公里,13 分,3.5,13
"24.987507,121.549827/25.001447,121.539037",途經106縣道和台9線,3.3 公里,13 分,3.3,13
"24.987507,121.549827/25.001447,121.539037",途經景興路,3.5 公里,14 分,3.5,14
"24.987507,121.549827/25.001545,121.536446",途經106縣道,3.1 公里,11 分,3.1,11
"24.987507,121.549827/25.001545,121.536446",途經106縣道和台9線,3.4 公里,13 分,3.4,13
"24.987507,121.549827/25.005386,121.55716",途經106縣道和興隆路三段,3.6 公里,13 分,3.6,13
"24.987507,121.549827/25.005386,121.55716",途經景興路和興隆路二段,4.5 公里,18 分,4.5,18
"24.987507,121.549827/25.005386,121.55716",途經辛亥路五段,2.7 公里,11 分,2.7,11
"24.988241,121.55561/24.97848,121.55545",途經光輝路和辛亥路七段,1.4 公里,6 分,1.4,6
"24.988241,121.55561/24.97848,121.55545",途經辛亥路七段,1.6 公里,6 分,1.6,6
"24.988241,121.55561/24.984144,121.569064",途經106縣道,2.6 公里,8 分,2.6,8
"24.988241,121.55561/24.984144,121.569064",途經興隆路四段,1.9 公里,8 分,1.9,8
"24.988241,121.55561/24.984144,121.569064",途經興隆路四段105巷,2.0 公里,8 分,2.0,8
"24.988241,121.55561/24.984707,121.563125",途經106縣道和興隆路四段,1.1 公里,5 分,1.1,5
"24.988241,121.55561/24.984707,121.563125",途經下崙路,1.2 公里,5 分,1.2,5
"24.988241,121.55561/24.984707,121.563125",途經忠順街二段,1.2 公里,6 分,1.2,6
"24.988241,121.55561/24.9856,121.54531",途經106縣道,1.2 公里,4 分,1.2,4
"24.988241,121.55561/24.9856,121.54531",途經木柵路一段/106縣道,1.7 公里,5 分,1.7,5
"24.988241,121.55561/24.9856,121.54531",途經木柵路一段/106縣道和木柵路一段76巷,1.9 公里,6 分,1.9,6
"24.988241,121.55561/24.986301,121.567855",途經106縣道和興隆路四段105巷,1.6 公里,7 分,1.6,7
"24.988241,121.55561/24.986301,121.567855",途經興隆路四段105巷,1.6 公里,7 分,1.6,7
"24.988241,121.55561/24.987144,121.560627",途經106縣道,650 公尺,3 分,0.65,3
"24.988241,121.55561/24.987144,121.560627",途經106縣道和興隆路四段42巷,600 公尺,3 分,0.6,3
"24.988241,121.55561/24.987144,121.560627",途經興隆路四段46巷,700 公尺,3 分,0.7,3
"24.988241,121.55561/24.98862,121.54361",途經木柵路一段,1.3 公里,4 分,1.3,4
"24.988241,121.55561/24.995563,121.547092",途經106縣道,3.1 公里,11 分,3.1,11
"24.988241,121.55561/24.995563,121.547092",途經興隆路三段,3.5 公里,12 分,3.5,12
"24.988241,121.55561/24.9966,121.540295",途經106縣道,2.8 公里,11 分,2.8,11
"24.988241,121.55561/24.9966,121.540295",途經106縣道和台9線,3.2 公里,12 分,3.2,12
"24.988241,121.55561/24.9966,121.540295",途經興隆路三段和興隆路二段,4.2 公里,14 分,4.2,14
"24.988241,121.55561/24.998811,121.56789",途經106縣道和萬芳路,2.8 公里,9 分,2.8,9
"24.988241,121.55561/24.998811,121.56789",途經興隆路三段和萬芳路,2.3 公里,7 分,2.3,7
"24.988241,121.55561/25.001447,121.539037",途經106縣道,4.1 公里,14 分,4.1,14
"24.988241,121.55561/25.001447,121.539037",途經興隆路三段,4.3 公里,15 分,4.3,15
"24.988241,121.55561/25.001447,121.539037",途經興隆路三段和興隆路二段,4.2 公里,14 分,4.2,14
"24.988241,121.55561/25.001545,121.536446",途經106縣道,3.7 公里,13 分,3.7,13
"24.988241,121.55561/25.001545,121.536446",途經興隆路三段和興隆路二段,4.3 公里,14 分,4.3,14
"24.988241,121.55561/25.005386,121.55716",途經興隆路三段,2.9 公里,10 分,2.9,10
"24.988241,121.55561/25.005386,121.55716",途經辛亥路五段,2.6 公里,10 分,2.6,10
"24.988363,121.576536/24.97848,121.55545",途經恆光橋,3.3 公里,12 分,3.3,12
"24.988363,121.576536/24.97848,121.55545",途經指南路二段,4.0 公里,12 分,4.0,12
"24.988363,121.576536/24.97848,121.55545",途經指南路二段和恆光街61巷,3.3 公里,10 分,3.3,10
"24.988363,121.576536/24.980602,121.556177",途經指南路二段,4.0 公里,13 分,4.0,13
"24.988363,121.576536/24.980602,121.556177",途經木新路三段,3.2 公里,11 分,3.2,11
"24.988363,121.576536/24.980602,121.556177",途經木新路二段和木新路三段,2.5 公里,9 分,2.5,9
"24.988363,121.576536/24.984144,121.569064",途經木新路二段,1.1 公里,5 分,1.1,5
"24.988363,121.576536/24.984707,121.563125",途經保儀路,1.6 公里,7 分,1.6,7
"24.988363,121.576536/24.984707,121.563125",途經木新路二段,1.8 公里,8 分,1.8,8
"24.988363,121.576536/24.9856,121.54531",途經106縣道,4.4 公里,15 分,4.4,15
"24.988363,121.576536/24.9856,121.54531",途經恆光橋,6.4 公里,20 分,6.4,20
"24.988363,121.576536/24.9856,121.54531",途經指南路二段,6.0 公里,18 分,6.0,18
"24.988363,121.576536/24.986301,121.567855",途經木新路二段,1.5 公里,6 分,1.5,6
"24.988363,121.576536/24.986301,121.567855",途經秀明路二段和木柵路三段,1.7 公里,6 分,1.7,6
"24.988363,121.576536/24.986301,121.567855",途經道南橋和指南路一段,1.0 公里,5 分,1.0,5
"24.988363,121.576536/24.987144,121.560627",途經秀明路一段/106縣道,2.4 公里,11 分,2.4,11
"24.988363,121.576536/24.987144,121.560627",途經秀明路二段和木柵路三段,2.3 公里,9 分,2.3,9
"24.988363,121.576536/24.987144,121.560627",途經興隆路四段105巷,1.9 公里,9 分,1.9,9
"24.988363,121.576536/24.987507,121.549827",途經106縣道,3.3 公里,11 分,3.3,11
"24.988363,121.576536/24.987507,121.549827",途經指南路二段,5.2 公里,16 分,5.2,16
"24.988363,121.576536/24.987507,121.549827",途經興隆路四段105巷和106縣道,3.0 公里,12 分,3.0,12
"24.988363,121.576536/24.988241,121.55561",途經106縣道,2.7 公里,9 分,2.7,9
"24.988363,121.576536/24.988241,121.55561",途經秀明路二段和106縣道,2.6 公里,9 分,2.6,9
"24.988363,121.576536/24.988241,121.55561",途經興隆路四段105巷,2.4 公里,10 分,2.4,10
"24.988363,121.576536/24.98862,121.54361",途經106縣道,4.0 公里,13 分,4.0,13
"24.988363,121.576536/24.98862,121.54361",途經恆光橋,6.7 公里,22 分,6.7,22
"24.988363,121.576536/24.98862,121.54361",途經指南路二段,6.3 公里,19 分,6.3,19
"24.988363,121.576536/24.995563,121.547092",途經恆光橋和景興路,8.3 公里,27 分,8.3,27
"24.988363,121.576536/24.995563,121.547092",途經景興路,7.9 公里,24 分,7.9,24
"24.988363,121.576536/24.995563,121.547092",途經萬芳路,5.1 公里,18 分,5.1,18
"24.988363,121.576536/24.9966,121.540295",途經106縣道,5.4 公里,20 分,5.4,20
"24.988363,121.576536/24.9966,121.540295",途經恆光橋和景文街,8.0 公里,27 分,8.0,27
"24.988363,121.576536/24.9966,121.540295",途經景文街,7.5 公里,24 分,7.5,24
"24.988363,121.576536/24.996842,121.559651",途經106縣道,3.2 公里,11 分,3.2,11
"24.988363,121.576536/24.996842,121.559651",途經興隆路三段,2.9 公里,12 分,2.9,12
"24.988363,121.576536/24.996842,121.559651",途經萬芳路,3.1 公里,11 分,3.1,11
"24.988363,121.576536/24.998811,121.56789",途經萬芳路,2.2 公里,8 分,2.2,8
"24.988363,121.576536/25.001447,121.539037",途經羅斯福路五段218巷,8.9 公里,28 分,8.9,28
"24.988363,121.576536/25.001447,121.539037",途經萬芳路,5.9 公里,21 分,5.9,21
"24.988363,121.576536/25.001545,121.536446",途經106縣道,6.3 公里,22 分,6.3,22
"24.988363,121.576536/25.001545,121.536446",途經寶高路,8.3 公里,28 分,8.3,28
"24.988363,121.576536/25.001545,121.536446",途經指南路二段,8.5 公里,26 分,8.5,26
"24.988363,121.576536/25.005386,121.55716",途經106縣道和興隆路三段,4.6 公里,16 分,4.6,16
"24.988363,121.576536/25.005386,121.55716",途經萬寧街,5.7 公里,26 分,5.7,26
"24.988363,121.576536/25.005386,121.55716",途經萬芳路,4.5 公里,16 分,4.5,16
"24.98862,121.54361/24.97848,121.55545",途經樟新街,3.7 公里,11 分,3.7,11
"24.98862,121.54361/24.97848,121.55545",途經辛亥路七段,3.1 公里,11 分,3.1,11
"24.98862,121.54361/24.9856,121.54531",途經木柵路一段,650 公尺,2 分,0.65,2
"24.98862,121.54361/24.995563,121.547092",途經景後街,1.4 公里,5 分,1.4,5
"24.98862,121.54361/24.995563,121.547092",途經景興路,1.2 公里,4 分,1.2,4
"24.98862,121.54361/24.995563,121.547092",途經景興路和景華街,1.2 公里,4 分,1.2,4
"24.98862,121.54361/24.9966,121.540295",途經台9線,1.8 公里,7 分,1.8,7
"24.98862,121.54361/24.9966,121.540295",途經景文街,1.6 公里,7 分,1.6,7
"24.98862,121.54361/24.9966,121.540295",途經景美街,1.2 公里,5 分,1.2,5
"24.989902,121.569984/24.97848,121.55545",途經木新路二段,2.6 公里,8 分,2.6,8
"24.989902,121.569984/24.97848,121.55545",途經木柵路三段,3.9 公里,12 分,3.9,12
"24.989902,121.569984/24.97848,121.55545",途經木柵路三段和恆光街61巷,3.2 公里,10 分,3.2,10
"24.989902,121.569984/24.980602,121.556177",途經保儀路和木新路三段,1.9 公里,7 分,1.9,7
"24.989902,121.569984/24.980602,121.556177",途經木新路二段和木新路三段,2.3 公里,7 分,2.3,7
"24.989902,121.569984/24.980602,121.556177",途經木柵路三段和木新路三段,2.4 公里,9 分,2.4,9
"24.989902,121.569984/24.984144,121.569064",途經木新路一段和木新路二段,950 公尺,3 分,0.95,3
"24.989902,121.569984/24.984144,121.569064",途經木新路二段,1.0 公里,4 分,1.0,4
"24.989902,121.569984/24.984144,121.569064",途經木柵路三段和木新路二段,1.0 公里,4 分,1.0,4
"24.989902,121.569984/24.984707,121.563125",途經保儀路和忠順街二段,1.1 公里,4 分,1.1,4
"24.989902,121.569984/24.984707,121.563125",途經忠順街二段,1.2 公里,5 分,1.2,5
"24.989902,121.569984/24.984707,121.563125",途經木柵路三段,1.3 公里,5 分,1.3,5
"24.989902,121.569984/24.9856,121.54531",途經106縣道,3.3 公里,12 分,3.3,12
"24.989902,121.569984/24.9856,121.54531",途經木柵路三段,5.9 公里,18 分,5.9,18
"24.989902,121.569984/24.986301,121.567855",途經木柵路三段和保儀路,500 公尺,2 分,0.5,2
"24.989902,121.569984/24.986301,121.567855",途經木柵路三段和木柵路三段102巷,550 公尺,3 分,0.55,3
"24.989902,121.569984/24.987144,121.560627",途經木柵路三段,1.3 公里,6 分,1.3,6
"24.989902,121.569984/24.987144,121.560627",途經木柵路三段和興隆路四段105巷,1.1 公里,5 分,1.1,5
"24.989902,121.569984/24.987507,121.549827",途經106縣道,2.3 公里,8 分,2.3,8
"24.989902,121.569984/24.987507,121.549827",途經木柵路三段、106縣道和試院路,2.5 公里,9 分,2.5,9
"24.989902,121.569984/24.987507,121.549827",途經木柵路三段和106縣道,2.2 公里,8 分,2.2,8
"24.989902,121.569984/24.988241,121.55561",途經木柵路三段,1.6 公里,6 分,1.6,6
"24.989902,121.569984/24.988241,121.55561",途經木柵路三段、秀明路一段22巷和106縣道,1.6 公里,5 分,1.6,5
"24.989902,121.569984/24.988241,121.55561",途經木柵路三段和106縣道,1.6 公里,6 分,1.6,6
"24.989902,121.569984/24.988363,121.576536",途經指南路二段,1.2 公里,6 分,1.2,6
"24.989902,121.569984/24.988363,121.576536",途經木新路一段,1.1 公里,4 分,1.1,4
"24.989902,121.569984/24.988363,121.576536",途經秀明路二段,1.2 公里,5 分,1.2,5
"24.989902,121.569984/24.98862,121.54361",途經106縣道,3.0 公里,11 分,3.0,11
"24.989902,121.569984/24.98862,121.54361",途經106縣道和木柵路一段,3.2 公里,11 分,3.2,11
"24.989902,121.569984/24.98862,121.54361",途經木柵路三段,6.2 公里,19 分,6.2,19
"24.989902,121.569984/24.995563,121.547092",途經景興路,7.8 公里,24 分,7.8,24
"24.989902,121.569984/24.995563,121.547092",途經興隆路三段,4.0 公里,15 分,4.0,15
"24.989902,121.569984/24.995563,121.547092",途經萬芳路,4.2 公里,16 分,4.2,16
"24.989902,121.569984/24.9966,121.540295",途經106縣道,4.4 公里,17 分,4.4,17
"24.989902,121.569984/24.9966,121.540295",途經景文街,7.5 公里,24 分,7.5,24
"24.989902,121.569984/24.996842,121.559651",途經木柵路三段和興隆路三段,2.0 公里,7 分,2.0,7
"24.989902,121.569984/24.996842,121.559651",途經興隆路三段,2.2 公里,8 分,2.2,8
"24.989902,121.569984/24.996842,121.559651",途經萬芳路,2.2 公里,8 分,2.2,8
"24.989902,121.569984/24.997659,121.578752",途經新光路二段,1.4 公里,6 分,1.4,6
"24.989902,121.569984/24.997996,121.57444",途經木柵路四段/106縣道,1.1 公里,4 分,1.1,4
"24.989902,121.569984/24.998811,121.56789",途經木柵路四段/106縣道和萬芳路,1.4 公里,6 分,1.4,6
"24.989902,121.569984/25.001447,121.539037",途經106縣道,5.7 公里,21 分,5.7,21
"24.989902,121.569984/25.001447,121.539037",途經羅斯福路五段218巷,8.8 公里,28 分,8.8,28
"24.989902,121.569984/25.001447,121.539037",途經興隆路三段,4.8 公里,17 分,4.8,17
"24.989902,121.569984/25.001545,121.536446",途經106縣道,5.3 公里,19 分,5.3,19
"24.989902,121.569984/25.001545,121.536446",途經木柵路三段,8.4 公里,26 分,8.4,26
"24.989902,121.569984/25.001545,121.536446",途經興隆路三段,4.9 公里,17 分,4.9,17
"24.989902,121.569984/25.005386,121.55716",途經106縣道,4.2 公里,16 分,4.2,16
"24.989902,121.569984/25.005386,121.55716",途經興隆路三段,3.4 公里,12 分,3.4,12
"24.989902,121.569984/25.005386,121.55716",途經萬芳路,3.6 公里,13 分,3.6,13
"24.993254,121.541059/24.97848,121.55545",途經景文街,5.0 公里,16 分,5.0,16
"24.993254,121.541059/24.980602,121.556177",途經景文街,5.1 公里,17 分,5.1,17
"24.993254,121.541059/24.980602,121.556177",途經辛亥路七段,4.4 公里,15 分,4.4,15
"24.993254,121.541059/24.984144,121.569064",途經106縣道,5.6 公里,20 分,5.6,20
"24.993254,121.541059/24.984144,121.569064",途經景文街,6.6 公里,21 分,6.6,21
"24.993254,121.541059/24.984707,121.563125",途經106縣道,4.7 公里,17 分,4.7,17
"24.993254,121.541059/24.984707,121.563125",途經忠順街一段,4.7 公里,16 分,4.7,16
"24.993254,121.541059/24.984707,121.563125",途經景文街,6.0 公里,20 分,6.0,20
"24.993254,121.541059/24.9856,121.54531",途經景文街,2.0 公里,7 分,2.0,7
"24.993254,121.541059/24.986301,121.567855",途經106縣道,5.2 公里,19 分,5.2,19
"24.993254,121.541059/24.986301,121.567855",途經景文街,6.3 公里,20 分,6.3,20
"24.993254,121.541059/24.987144,121.560627",途經106縣道,4.2 公里,15 分,4.2,15
"24.993254,121.541059/24.987144,121.560627",途經景華街,3.7 公里,14 分,3.7,14
"24.993254,121.541059/24.987507,121.549827",途經景文街,3.0 公里,10 分,3.0,10
"24.993254,121.541059/24.987507,121.549827",途經景美街和木柵路一段,1.9 公里,8 分,1.9,8
"24.993254,121.541059/24.988241,121.55561",途經景美街和木柵路一段,2.5 公里,10 分,2.5,10
"24.993254,121.541059/24.988241,121.55561",途經木柵路一段/106縣道,3.5 公里,12 分,3.5,12
"24.993254,121.541059/24.988363,121.576536",途經106縣道,6.1 公里,21 分,6.1,21
"24.993254,121.541059/24.988363,121.576536",途經景文街,7.6 公里,25 分,7.6,25
"24.993254,121.541059/24.988363,121.576536",途經景美街和景文街,7.9 公里,26 分,7.9,26
"24.993254,121.541059/24.98862,121.54361",途經景後街和景美街,1.3 公里,5 分,1.3,5
"24.993254,121.541059/24.98862,121.54361",途經景文街和景美街,1.2 公里,5 分,1.2,5
"24.993254,121.541059/24.98862,121.54361",途經景美街,1.1 公里,5 分,1.1,5
"24.993254,121.541059/24.989902,121.569984",途經106縣道,5.2 公里,18 分,5.2,18
"24.993254,121.541059/24.989902,121.569984",途經景文街,7.6 公里,24 分,7.6,24
"24.993254,121.541059/24.995563,121.547092",途經景華街,800 公尺,3 分,0.8,3
"24.993254,121.541059/24.9966,121.540295",途經羅斯福路六段/台9線,450 公尺,2 分,0.45,2
"24.993254,121.541059/24.996842,121.559651",途經景華街,2.6 公里,9 分,2.6,9
"24.993254,121.541059/24.996842,121.559651",途經興隆路二段,2.7 公里,10 分,2.7,10
"24.993254,121.541059/24.997659,121.578752",途經106縣道,6.4 公里,21 分,6.4,21
"24.993254,121.541059/24.997659,121.578752",途經新光路二段,8.5 公里,28 分,8.5,28
"24.993254,121.541059/24.997659,121.578752",途經萬芳路,5.7 公里,20 分,5.7,20
"24.993254,121.541059/24.997996,121.57444",途經106縣道,6.0 公里,20 分,6.0,20
"24.993254,121.541059/24.997996,121.57444",途經木柵路四段/106縣道,8.1 公里,25 分,8.1,25
"24.993254,121.541059/24.997996,121.57444",途經萬芳路,4.6 公里,17 分,4.6,17
"24.993254,121.541059/24.998811,121.56789",途經景華街,3.5 公里,13 分,3.5,13
"24.993254,121.541059/24.998811,121.56789",途經興隆路二段,3.6 公里,13 分,3.6,13
"24.993254,121.541059/24.999378,121.540197",途經羅斯福路六段/台9線,700 公尺,2 分,0.7,2
"24.993254,121.541059/24.999378,121.540197",途經羅斯福路六段159巷1弄和羅斯福路六段/台9線,750 公尺,3 分,0.75,3
"24.993254,121.541059/25.001447,121.539037",途經台9線,1.1 公里,5 分,1.1,5
"24.993254,121.541059/25.001447,121.539037",途經羅斯福路六段/台9線,1.3 公里,5 分,1.3,5
"24.993254,121.541059/25.001447,121.539037",途經羅斯福路六段/台9線和景福街3巷,1.3 公里,5 分,1.3,5
"24.993254,121.541059/25.001545,121.536446",途經羅斯福路六段/台9線,1.3 公里,4 分,1.3,4
"24.993254,121.541059/25.001545,121.536446",途經羅斯福路六段/台9線和萬隆街,1.2 公里,4 分,1.2,4
"24.993254,121.541059/25.001545,121.536446",途經羅斯福路六段142巷,1.2 公里,5 分,1.2,5
"24.993254,121.541059/25.004023,121.54074",途經台9線,1.5 公里,5 分,1.5,5
"24.993254,121.541059/25.004023,121.54074",途經台9線和興隆路一段,1.4 公里,5 分,1.4,5
"24.993254,121.541059/25.004023,121.54074",途經羅斯福路六段/台9線和興隆路一段70巷,1.3 公里,4 分,1.3,4
"24.993254,121.541059/25.005386,121.55716",途經興隆路二段,2.8 公里,11 分,2.8,11
"24.995563,121.547092/24.9966,121.540295",途經景華街,850 公尺,4 分,0.85,4
"24.995563,121.547092/24.9966,121.540295",途經景華街97巷,900 公尺,4 分,0.9,4
"24.996842,121.559651/24.97848,121.55545",途經106縣道和辛亥路七段,3.0 公里,10 分,3.0,10
"24.996842,121.559651/24.97848,121.55545",途經興隆路四段,2.7 公里,10 分,2.7,10
"24.996842,121.559651/24.984144,121.569064",途經106縣道,3.1 公里,10 分,3.1,10
"24.996842,121.559651/24.984144,121.569064",途經興隆路三段和興隆路四段,2.4 公里,10 分,2.4,10
"24.996842,121.559651/24.984144,121.569064",途經萬芳路,3.5 公里,12 分,3.5,12
"24.996842,121.559651/24.984707,121.563125",途經興隆路三段,1.7 公里,7 分,1.7,7
"24.996842,121.559651/24.984707,121.563125",途經興隆路三段和興隆路四段,1.6 公里,7 分,1.6,7
"24.996842,121.559651/24.9856,121.54531",途經106縣道,3.1 公里,10 分,3.1,10
"24.996842,121.559651/24.9856,121.54531",途經景興路,3.6 公里,14 分,3.6,14
"24.996842,121.559651/24.9856,121.54531",途經興隆路二段和景興路,3.9 公里,15 分,3.9,15
"24.996842,121.559651/24.986301,121.567855",途經興隆路三段,2.1 公里,8 分,2.1,8
"24.996842,121.559651/24.986301,121.567855",途經興隆路三段和興隆路四段,2.2 公里,10 分,2.2,10
"24.996842,121.559651/24.986301,121.567855",途經萬芳路,2.7 公里,10 分,2.7,10
"24.996842,121.559651/24.987144,121.560627",途經興隆路三段和興隆路四段,1.2 公里,5 分,1.2,5
"24.996842,121.559651/24.988241,121.55561",途經興隆路三段和106縣道,1.4 公里,5 分,1.4,5
"24.996842,121.559651/24.98862,121.54361",途經106縣道,2.8 公里,9 分,2.8,9
"24.996842,121.559651/24.98862,121.54361",途經景興路,3.0 公里,11 分,3.0,11
"24.996842,121.559651/24.98862,121.54361",途經興隆路三段和106縣道,3.6 公里,12 分,3.6,12
"24.996842,121.559651/24.995563,121.547092",途經仙岩路,1.8 公里,7 分,1.8,7
"24.996842,121.559651/24.995563,121.547092",途經仙岩路16巷,2.1 公里,9 分,2.1,9
"24.996842,121.559651/24.995563,121.547092",途經興隆路三段和興隆路二段,2.5 公里,9 分,2.5,9
"24.996842,121.559651/24.9966,121.540295",途經仙岩路,2.5 公里,10 分,2.5,10
"24.996842,121.559651/24.9966,121.540295",途經景華街,2.6 公里,10 分,2.6,10
"24.996842,121.559651/24.9966,121.540295",途經興隆路三段和興隆路二段,2.8 公里,11 分,2.8,11
"24.996842,121.559651/24.998811,121.56789",途經萬芳路,900 公尺,4 分,0.9,4
"24.996842,121.559651/25.001447,121.539037",途經景隆街,2.8 公里,12 分,2.8,12
"24.996842,121.559651/25.001447,121.539037",途經興隆路三段,2.9 公里,12 分,2.9,12
"24.996842,121.559651/25.001447,121.539037",途經興隆路三段和興隆路二段,2.8 公里,11 分,2.8,11
"24.996842,121.559651/25.001545,121.536446",途經景隆街,2.9 公里,11 分,2.9,11
"24.996842,121.559651/25.001545,121.536446",途經興隆路三段,3.1 公里,12 分,3.1,12
"24.996842,121.559651/25.001545,121.536446",途經興隆路二段,2.9 公里,11 分,2.9,11
"24.996842,121.559651/25.005386,121.55716",途經興隆路三段,1.5 公里,6 分,1.5,6
"24.996842,121.559651/25.005386,121.55716",途經興隆路三段和興德路,1.7 公里,7 分,1.7,7
"24.996842,121.559651/25.005386,121.55716",途經辛亥路四段,1.5 公里,7 分,1.5,7
"24.997659,121.578752/24.97848,121.55545",途經新光路二段,4.9 公里,15 分,4.9,15
"24.997659,121.578752/24.97848,121.55545",途經新光路二段和木新路二段,3.8 公里,12 分,3.8,12
"24.997659,121.578752/24.980602,121.556177",途經新光路二段,5.0 公里,15 分,5.0,15
"24.997659,121.578752/24.984144,121.569064",途經新光路二段,2.1 公里,7 分,2.1,7
"24.997659,121.578752/24.984144,121.569064",途經新光路二段和新光路一段,2.1 公里,8 分,2.1,8
"24.997659,121.578752/24.984144,121.569064",途經新光路二段和萬壽橋,2.8 公里,9 分,2.8,9
"24.997659,121.578752/24.984707,121.563125",途經新光路二段,2.5 公里,8 分,2.5,8
"24.997659,121.578752/24.984707,121.563125",途經新光路二段和木新路二段,2.8 公里,9 分,2.8,9
"24.997659,121.578752/24.9856,121.54531",途經106縣道,4.5 公里,14 分,4.5,14
"24.997659,121.578752/24.9856,121.54531",途經新光路二段,6.9 公里,20 分,6.9,20
"24.997659,121.578752/24.9856,121.54531",途經辛亥路七段,6.5 公里,21 分,6.5,21
"24.997659,121.578752/24.986301,121.567855",途經新光路二段,1.9 公里,6 分,1.9,6
"24.997659,121.578752/24.986301,121.567855",途經新光路二段和指南路一段,2.1 公里,8 分,2.1,8
"24.997659,121.578752/24.986301,121.567855",途經新光路二段和新光路一段,2.0 公里,8 分,2.0,8
"24.997659,121.578752/24.987144,121.560627",途經新光路二段和木柵路三段,2.5 公里,9 分,2.5,9
"24.997659,121.578752/24.987144,121.560627",途經新光路二段和秀明路一段/106縣道,2.6 公里,10 分,2.6,10
"24.997659,121.578752/24.987507,121.549827",途經106縣道,3.4 公里,11 分,3.4,11
"24.997659,121.578752/24.987507,121.549827",途經木柵路三段,3.9 公里,15 分,3.9,15
"24.997659,121.578752/24.988241,121.55561",途經新光路二段,3.7 公里,14 分,3.7,14
"24.997659,121.578752/24.988241,121.55561",途經新光路二段和106縣道,2.8 公里,9 分,2.8,9
"24.997659,121.578752/24.988241,121.55561",途經木柵路三段,3.1 公里,11 分,3.1,11
"24.997659,121.578752/24.988363,121.576536",途經新光路二段,1.8 公里,6 分,1.8,6
"24.997659,121.578752/24.988363,121.576536",途經新光路二段和指南路二段,1.8 公里,8 分,1.8,8
"24.997659,121.578752/24.988363,121.576536",途經新光路二段和秀明路二段,1.6 公里,5 分,1.6,5
"24.997659,121.578752/24.98862,121.54361",途經106縣道,4.2 公里,13 分,4.2,13
"24.997659,121.578752/24.98862,121.54361",途經新光路二段,7.2 公里,21 分,7.2,21
"24.997659,121.578752/24.98862,121.54361",途經木柵路一段,4.7 公里,17 分,4.7,17
"24.997659,121.578752/24.995563,121.547092",途經新光路二段,8.8 公里,27 分,8.8,27
"24.997659,121.578752/24.995563,121.547092",途經興隆路三段,5.3 公里,18 分,5.3,18
"24.997659,121.578752/24.995563,121.547092",途經萬芳路,5.2 公里,18 分,5.2,18
"24.997659,121.578752/24.9966,121.540295",途經106縣道,5.6 公里,19 分,5.6,19
"24.997659,121.578752/24.9966,121.540295",途經新光路二段,8.5 公里,26 分,8.5,26
"24.997659,121.578752/24.9966,121.540295",途經萬芳路,5.9 公里,20 分,5.9,20
"24.997659,121.578752/24.996842,121.559651",途經106縣道,3.3 公里,11 分,3.3,11
"24.997659,121.578752/24.996842,121.559651",途經木柵路三段,3.6 公里,13 分,3.6,13
"24.997659,121.578752/24.996842,121.559651",途經萬芳路,3.2 公里,10 分,3.2,10
"24.997659,121.578752/24.998811,121.56789",途經新光路二段和萬芳路,2.3 公里,8 分,2.3,8
"24.997659,121.578752/25.001447,121.539037",途經106縣道,6.9 公里,23 分,6.9,23
"24.997659,121.578752/25.001447,121.539037",途經新光路二段,9.8 公里,30 分,9.8,30
"24.997659,121.578752/25.001447,121.539037",途經萬芳路,6.0 公里,20 分,6.0,20
"24.997659,121.578752/25.001545,121.536446",途經106縣道,6.5 公里,21 分,6.5,21
"24.997659,121.578752/25.001545,121.536446",途經新光路二段,9.4 公里,28 分,9.4,28
"24.997659,121.578752/25.001545,121.536446",途經萬芳路,6.0 公里,20 分,6.0,20
"24.997659,121.578752/25.005386,121.55716",途經興隆路三段,4.7 公里,16 分,4.7,16
"24.997659,121.578752/25.005386,121.55716",途經萬寧街,5.7 公里,25 分,5.7,25
"24.997659,121.578752/25.005386,121.55716",途經萬芳路,4.6 公里,15 分,4.6,15
"24.997996,121.57444/24.97848,121.55545",途經木柵路四段/106縣道,4.5 公里,13 分,4.5,13
"24.997996,121.57444/24.97848,121.55545",途經木柵路四段/106縣道和木新路三段155巷,3.7 公里,11 分,3.7,11
"24.997996,121.57444/24.97848,121.55545",途經木柵路四段/106縣道和木新路二段,3.4 公里,11 分,3.4,11
"24.997996,121.57444/24.980602,121.556177",途經木柵路四段/106縣道,4.5 公里,14 分,4.5,14
"24.997996,121.57444/24.980602,121.556177",途經木柵路四段/106縣道、木新路二段和木新路三段,3.1 公里,10 分,3.1,10
"24.997996,121.57444/24.984144,121.569064",途經木柵路四段/106縣道,2.4 公里,8 分,2.4,8
"24.997996,121.57444/24.984144,121.569064",途經木柵路四段/106縣道和木新路二段,1.7 公里,6 分,1.7,6
"24.997996,121.57444/24.984707,121.563125",途經106縣道,2.5 公里,9 分,2.5,9
"24.997996,121.57444/24.984707,121.563125",途經木柵路四段/106縣道,2.1 公里,7 分,2.1,7
"24.997996,121.57444/24.984707,121.563125",途經木柵路四段/106縣道和木新路二段,2.4 公里,8 分,2.4,8
"24.997996,121.57444/24.9856,121.54531",途經106縣道,4.2 公里,13 分,4.2,13
"24.997996,121.57444/24.9856,121.54531",途經木柵路四段/106縣道,6.4 公里,19 分,6.4,19
"24.997996,121.57444/24.986301,121.567855",途經木柵路四段/106縣道和木柵路三段,1.6 公里,5 分,1.6,5
"24.997996,121.57444/24.987144,121.560627",途經106縣道,2.2 公里,9 分,2.2,9
"24.997996,121.57444/24.987507,121.549827",途經106縣道,3.1 公里,9 分,3.1,9
"24.997996,121.57444/24.987507,121.549827",途經萬芳路和106縣道,4.1 公里,13 分,4.1,13
"24.997996,121.57444/24.988241,121.55561",途經106縣道,2.5 公里,7 分,2.5,7
"24.997996,121.57444/24.988241,121.55561",途經木柵路四段/106縣道和木柵路三段,2.7 公里,10 分,2.7,10
"24.997996,121.57444/24.988363,121.576536",途經木柵路四段/106縣道,1.9 公里,7 分,1.9,7
"24.997996,121.57444/24.988363,121.576536",途經木柵路四段/106縣道和秀明路二段,1.8 公里,6 分,1.8,6
"24.997996,121.57444/24.988363,121.576536",途經木柵路四段/106縣道和萬壽橋,1.9 公里,7 分,1.9,7
"24.997996,121.57444/24.98862,121.54361",途經106縣道,3.8 公里,12 分,3.8,12
"24.997996,121.57444/24.98862,121.54361",途經木柵路四段/106縣道,6.7 公里,20 分,6.7,20
"24.997996,121.57444/24.995563,121.547092",途經106縣道和興隆路三段,5.0 公里,17 分,5.0,17
"24.997996,121.57444/24.995563,121.547092",途經萬芳路,4.1 公里,14 分,4.1,14
"24.997996,121.57444/24.9966,121.540295",途經景文街,8.0 公里,25 分,8.0,25
"24.997996,121.57444/24.9966,121.540295",途經萬芳路,4.8 公里,16 分,4.8,16
"24.997996,121.57444/24.9966,121.540295",途經萬芳路和興隆路三段,4.9 公里,17 分,4.9,17
"24.997996,121.57444/24.996842,121.559651",途經和平東路四段和萬芳路,2.2 公里,10 分,2.2,10
"24.997996,121.57444/24.996842,121.559651",途經萬芳路,2.1 公里,7 分,2.1,7
"24.997996,121.57444/24.997659,121.578752",途經106縣道和新光路二段,2.1 公里,6 分,2.1,6
"24.997996,121.57444/24.997659,121.578752",途經木柵路四段/106縣道和新光路二段,2.0 公里,7 分,2.0,7
"24.997996,121.57444/24.998811,121.56789",途經和平東路四段,1.4 公里,7 分,1.4,7
"24.997996,121.57444/24.998811,121.56789",途經木柵路四段/106縣道和萬芳路,1.2 公里,4 分,1.2,4
"24.997996,121.57444/25.001447,121.539037",途經木柵路四段/106縣道,9.3 公里,29 分,9.3,29
"24.997996,121.57444/25.001447,121.539037",途經萬芳路,4.9 公里,17 分,4.9,17
"24.997996,121.57444/25.001447,121.539037",途經萬芳路和興隆路二段,4.8 公里,16 分,4.8,16
"24.997996,121.57444/25.001545,121.536446",途經106縣道,6.1 公里,20 分,6.1,20
"24.997996,121.57444/25.001545,121.536446",途經木柵路四段/106縣道,8.9 公里,27 分,8.9,27
"24.997996,121.57444/25.001545,121.536446",途經萬芳路,5.0 公里,16 分,5.0,16
"24.997996,121.57444/25.005386,121.55716",途經106縣道和興隆路三段,4.4 公里,14 分,4.4,14
"24.997996,121.57444/25.005386,121.55716",途經萬芳路,3.5 公里,12 分,3.5,12
"24.997996,121.57444/25.005386,121.55716",途經萬芳路和興隆路三段,4.0 公里,15 分,4.0,15
"24.998811,121.56789/24.97848,121.55545",途經萬芳路,4.8 公里,15 分,4.8,15
"24.998811,121.56789/24.97848,121.55545",途經辛亥路七段,3.9 公里,14 分,3.9,14
"24.998811,121.56789/24.984144,121.569064",途經萬芳路,2.6 公里,9 分,2.6,9
"24.998811,121.56789/24.984707,121.563125",途經萬芳路,2.4 公里,9 分,2.4,9
"24.998811,121.56789/24.984707,121.563125",途經萬芳路和106縣道,2.8 公里,11 分,2.8,11
"24.998811,121.56789/24.9856,121.54531",途經106縣道,4.0 公里,14 分,4.0,14
"24.998811,121.56789/24.9856,121.54531",途經萬芳路,6.7 公里,20 分,6.7,20
"24.998811,121.56789/24.9856,121.54531",途經萬芳路和106縣道,4.4 公里,14 分,4.4,14
"24.998811,121.56789/24.986301,121.567855",途經萬芳路,1.8 公里,7 分,1.8,7
"24.998811,121.56789/24.986301,121.567855",途經萬芳路和指南路一段,2.5 公里,10 分,2.5,10
"24.998811,121.56789/24.987144,121.560627",途經萬芳路和106縣道,2.5 公里,10 分,2.5,10
"24.998811,121.56789/24.987144,121.560627",途經萬芳路和興隆路三段,2.0 公里,8 分,2.0,8
"24.998811,121.56789/24.98862,121.54361",途經106縣道,3.6 公里,12 分,3.6,12
"24.998811,121.56789/24.98862,121.54361",途經萬芳路,7.0 公里,21 分,7.0,21
"24.998811,121.56789/24.98862,121.54361",途經萬芳路和106縣道,4.1 公里,13 分,4.1,13
"24.998811,121.56789/24.995563,121.547092",途經萬芳路,2.9 公里,11 分,2.9,11
"24.998811,121.56789/24.9966,121.540295",途經興隆路二段,3.6 公里,13 分,3.6,13
"24.998811,121.56789/24.9966,121.540295",途經萬芳路,3.7 公里,14 分,3.7,14
"24.998811,121.56789/25.001447,121.539037",途經興隆路二段,3.6 公里,13 分,3.6,13
"24.998811,121.56789/25.001447,121.539037",途經萬芳路,3.7 公里,14 分,3.7,14
"24.998811,121.56789/25.001545,121.536446",途經興隆路二段,3.8 公里,13 分,3.8,13
"24.998811,121.56789/25.001545,121.536446",途經萬芳路,3.9 公里,14 分,3.9,14
"24.999378,121.540197/24.97848,121.55545",途經景文街,5.5 公里,18 分,5.5,18
"24.999378,121.540197/24.97848,121.55545",途經景福街,6.2 公里,20 分,6.2,20
"24.999378,121.540197/24.97848,121.55545",途經景興路,5.6 公里,19 分,5.6,19
"24.999378,121.540197/24.980602,121.556177",途經景文街,5.6 公里,19 分,5.6,19
"24.999378,121.540197/24.980602,121.556177",途經景福街,6.3 公里,20 分,6.3,20
"24.999378,121.540197/24.980602,121.556177",途經景興路,5.6 公里,19 分,5.6,19
"24.999378,121.540197/24.984144,121.569064",途經景文街,7.0 公里,23 分,7.0,23
"24.999378,121.540197/24.984144,121.569064",途經萬芳路,5.9 公里,20 分,5.9,20
"24.999378,121.540197/24.984707,121.563125",途經忠順街一段,5.2 公里,18 分,5.2,18
"24.999378,121.540197/24.984707,121.563125",途經景文街,6.5 公里,22 分,6.5,22
"24.999378,121.540197/24.984707,121.563125",途經興隆路二段和興隆路三段,4.0 公里,15 分,4.0,15
"24.999378,121.540197/24.9856,121.54531",途經景文街,2.4 公里,9 分,2.4,9
"24.999378,121.540197/24.9856,121.54531",途經景福街,3.2 公里,10 分,3.2,10
"24.999378,121.540197/24.986301,121.567855",途經106縣道,5.6 公里,21 分,5.6,21
"24.999378,121.540197/24.986301,121.567855",途經景文街,6.8 公里,22 分,6.8,22
"24.999378,121.540197/24.986301,121.567855",途經興隆路二段和興隆路三段,4.5 公里,16 分,4.5,16
"24.999378,121.540197/24.987144,121.560627",途經106縣道,4.7 公里,17 分,4.7,17
"24.999378,121.540197/24.987144,121.560627",途經景福街和106縣道,5.4 公里,18 分,5.4,18
"24.999378,121.540197/24.987144,121.560627",途經興隆路二段和興隆路三段,3.5 公里,13 分,3.5,13
"24.999378,121.540197/24.987507,121.549827",途經景文街,3.5 公里,12 分,3.5,12
"24.999378,121.540197/24.987507,121.549827",途經景福街,4.2 公里,14 分,4.2,14
"24.999378,121.540197/24.987507,121.549827",途經景美街和木柵路一段,2.4 公里,11 分,2.4,11
"24.999378,121.540197/24.988241,121.55561",途經景福街和木柵路一段/106縣道,4.7 公里,15 分,4.7,15
"24.999378,121.540197/24.988241,121.55561",途經景興路,4.1 公里,14 分,4.1,14
"24.999378,121.540197/24.988241,121.55561",途經木柵路一段/106縣道,4.0 公里,14 分,4.0,14
"24.999378,121.540197/24.988363,121.576536",途經景文街,8.1 公里,27 分,8.1,27
"24.999378,121.540197/24.988363,121.576536",途經景美街和景文街,8.4 公里,28 分,8.4,28
"24.999378,121.540197/24.988363,121.576536",途經萬芳路,5.3 公里,19 分,5.3,19
"24.999378,121.540197/24.98862,121.54361",途經景美街,1.6 公里,7 分,1.6,7
"24.999378,121.540197/24.98862,121.54361",途經景興路,1.9 公里,7 分,1.9,7
"24.999378,121.540197/24.98862,121.54361",途經景隆街和景興路,1.9 公里,7 分,1.9,7
"24.999378,121.540197/24.989902,121.569984",途經106縣道,5.7 公里,20 分,5.7,20
"24.999378,121.540197/24.989902,121.569984",途經景文街,8.1 公里,26 分,8.1,26
"24.999378,121.540197/24.989902,121.569984",途經萬芳路,4.6 公里,16 分,4.6,16
"24.999378,121.540197/24.995563,121.547092",途經景隆街,1.1 公里,4 分,1.1,4
"24.999378,121.540197/24.995563,121.547092",途經景隆街和景興路,1.2 公里,4 分,1.2,4
"24.999378,121.540197/24.995563,121.547092",途經羅斯福路六段159巷1弄,1.2 公里,4 分,1.2,4
"24.999378,121.540197/24.9966,121.540295",途經景福街3巷,450 公尺,2 分,0.45,2
"24.999378,121.540197/24.9966,121.540295",途經羅斯福路六段/台9線,450 公尺,2 分,0.45,2
"24.999378,121.540197/24.9966,121.540295",途經羅斯福路六段159巷1弄,500 公尺,3 分,0.5,3
"24.999378,121.540197/24.996842,121.559651",途經景華街,2.9 公里,11 分,2.9,11
"24.999378,121.540197/24.996842,121.559651",途經興隆路二段,2.4 公里,8 分,2.4,8
"24.999378,121.540197/24.996842,121.559651",途經興隆路二段203巷,2.8 公里,11 分,2.8,11
"24.999378,121.540197/24.997659,121.578752",途經106縣道,6.8 公里,23 分,6.8,23
"24.999378,121.540197/24.997659,121.578752",途經新光路二段,9.0 公里,30 分,9.0,30
"24.999378,121.540197/24.997659,121.578752",途經萬芳路,5.5 公里,19 分,5.5,19
"24.999378,121.540197/24.997996,121.57444",途經木柵路四段/106縣道,8.5 公里,27 分,8.5,27
"24.999378,121.540197/24.997996,121.57444",途經興隆路二段和萬芳路,4.4 公里,16 分,4.4,16
"24.999378,121.540197/24.998811,121.56789",途經興隆路二段和萬芳路,3.3 公里,12 分,3.3,12
"24.999378,121.540197/24.998811,121.56789",途經萬芳路,3.7 公里,15 分,3.7,15
"24.999378,121.540197/25.001447,121.539037",途經台9線,450 公尺,3 分,0.45,3
"24.999378,121.540197/25.001447,121.539037",途經羅斯福路六段/台9線,550 公尺,3 分,0.55,3
"24.999378,121.540197/25.001447,121.539037",途經萬隆街52巷,650 公尺,3 分,0.65,3
"24.999378,121.540197/25.001545,121.536446",途經台9線和羅斯福路五段218巷,650 公尺,3 分,0.65,3
"24.999378,121.540197/25.001545,121.536446",途經羅斯福路六段/台9線和萬隆街,550 公尺,3 分,0.55,3
"24.999378,121.540197/25.001545,121.536446",途經萬隆街,600 公尺,2 分,0.6,2
"24.999378,121.540197/25.004023,121.54074",途經台9線,650 公尺,2 分,0.65,2
"24.999378,121.540197/25.004023,121.54074",途經台9線和興隆路一段,800 公尺,3 分,0.8,3
"24.999378,121.540197/25.004023,121.54074",途經興隆路一段70巷,550 公尺,2 分,0.55,2
"24.999378,121.540197/25.005386,121.55716",途經興隆路二段,2.4 公里,9 分,2.4,9
"24.999378,121.540197/25.005386,121.55716",途經興隆路二段203巷和興隆路二段,2.8 公里,12 分,2.8,12
"24.999837,121.547778/24.97848,121.55545",途經景興路,5.5 公里,19 分,5.5,19
"24.999837,121.547778/24.97848,121.55545",途經景隆街,7.1 公里,22 分,7.1,22
"24.999837,121.547778/24.97848,121.55545",途經辛亥路七段,3.3 公里,14 分,3.3,14
"24.999837,121.547778/24.980602,121.556177",途經景興路,5.5 公里,19 分,5.5,19
"24.999837,121.547778/24.980602,121.556177",途經景隆街,7.1 公里,23 分,7.1,23
"24.999837,121.547778/24.980602,121.556177",途經辛亥路七段,3.3 公里,14 分,3.3,14
"24.999837,121.547778/24.984144,121.569064",途經景興路,7.0 公里,23 分,7.0,23
"24.999837,121.547778/24.984144,121.569064",途經萬芳路,5.0 公里,19 分,5.0,19
"24.999837,121.547778/24.984707,121.563125",途經忠順街一段,3.6 公里,15 分,3.6,15
"24.999837,121.547778/24.984707,121.563125",途經懷恩隧道,3.5 公里,15 分,3.5,15
"24.999837,121.547778/24.984707,121.563125",途經興隆路三段和興隆路四段,3.1 公里,13 分,3.1,13
"24.999837,121.547778/24.9856,121.54531",途經景興路,2.4 公里,9 分,2.4,9
"24.999837,121.547778/24.9856,121.54531",途經景興路和景文街,2.9 公里,11 分,2.9,11
"24.999837,121.547778/24.9856,121.54531",途經景華街和景興路,2.4 公里,10 分,2.4,10
"24.999837,121.547778/24.986301,121.567855",途經景興路,6.7 公里,23 分,6.7,23
"24.999837,121.547778/24.986301,121.567855",途經興隆路三段,3.6 公里,14 分,3.6,14
"24.999837,121.547778/24.986301,121.567855",途經萬芳路,4.2 公里,17 分,4.2,17
"24.999837,121.547778/24.987144,121.560627",途經106縣道,3.1 公里,13 分,3.1,13
"24.999837,121.547778/24.987144,121.560627",途經興隆路二段和興隆路三段,2.7 公里,11 分,2.7,11
"24.999837,121.547778/24.987507,121.549827",途經景興路,3.4 公里,13 分,3.4,13
"24.999837,121.547778/24.987507,121.549827",途經景隆街,5.0 公里,16 分,5.0,16
"24.999837,121.547778/24.988241,121.55561",途經景興路,4.0 公里,14 分,4.0,14
"24.999837,121.547778/24.988241,121.55561",途經興隆路三段,2.9 公里,11 分,2.9,11
"24.999837,121.547778/24.988241,121.55561",途經興隆路二段,2.7 公里,11 分,2.7,11
"24.999837,121.547778/24.988363,121.576536",途經興隆路三段和106縣道,4.6 公里,17 分,4.6,17
"24.999837,121.547778/24.988363,121.576536",途經興隆路三段和萬芳路,4.6 公里,18 分,4.6,18
"24.999837,121.547778/24.988363,121.576536",途經萬芳路,4.4 公里,17 分,4.4,17
"24.999837,121.547778/24.98862,121.54361",途經景興路,1.7 公里,7 分,1.7,7
"24.999837,121.547778/24.98862,121.54361",途經景華街和景興路,1.7 公里,7 分,1.7,7
"24.999837,121.547778/24.989902,121.569984",途經106縣道,4.0 公里,16 分,4.0,16
"24.999837,121.547778/24.989902,121.569984",途經興隆路三段,3.5 公里,13 分,3.5,13
"24.999837,121.547778/24.989902,121.569984",途經萬芳路,3.7 公里,15 分,3.7,15
"24.999837,121.547778/24.993254,121.541059",途經景華街,1.4 公里,7 分,1.4,7
"24.999837,121.547778/24.993254,121.541059",途經興隆路二段和景興路,1.4 公里,6 分,1.4,6
"24.999837,121.547778/24.995563,121.547092",途經景華街,550 公尺,3 分,0.55,3
"24.999837,121.547778/24.995563,121.547092",途經興隆路二段,950 公尺,3 分,0.95,3
"24.999837,121.547778/24.9966,121.540295",途經興隆路二段,1.1 公里,5 分,1.1,5
"24.999837,121.547778/24.9966,121.540295",途經興隆路二段和景興路46巷,1.3 公里,5 分,1.3,5
"24.999837,121.547778/24.9966,121.540295",途經興隆路二段和景隆街,1.3 公里,5 分,1.3,5
"24.999837,121.547778/24.996842,121.559651",途經仙岩路,1.7 公里,7 分,1.7,7
"24.999837,121.547778/24.996842,121.559651",途經興隆路三段192巷8弄,1.5 公里,7 分,1.5,7
"24.999837,121.547778/24.996842,121.559651",途經興隆路二段和興隆路三段,1.6 公里,7 分,1.6,7
"24.999837,121.547778/24.997659,121.578752",途經106縣道,5.2 公里,19 分,5.2,19
"24.999837,121.547778/24.997659,121.578752",途經興隆路三段,4.8 公里,18 分,4.8,18
"24.999837,121.547778/24.997659,121.578752",途經萬芳路,4.6 公里,18 分,4.6,18
"24.999837,121.547778/24.997996,121.57444",途經萬芳路,3.6 公里,14 分,3.6,14
"24.999837,121.547778/24.997996,121.57444",途經萬芳路和木柵路四段/106縣道,3.6 公里,14 分,3.6,14
"24.999837,121.547778/24.998811,121.56789",途經興隆路三段和萬芳路,2.8 公里,11 分,2.8,11
"24.999837,121.547778/24.998811,121.56789",途經興隆路二段、興隆路三段和萬芳路,2.4 公里,10 分,2.4,10
"24.999837,121.547778/24.998811,121.56789",途經萬芳路,2.4 公里,10 分,2.4,10
"24.999837,121.547778/24.999378,121.540197",途經羅斯福路六段39巷,1.1 公里,5 分,1.1,5
"24.999837,121.547778/24.999378,121.540197",途經興隆路二段,1.2 公里,5 分,1.2,5
"24.999837,121.547778/24.999378,121.540197",途經興隆路二段和景隆街,1.0 公里,4 分,1.0,4
"24.999837,121.547778/25.001447,121.539037",途經景豐街,1.4 公里,6 分,1.4,6
"24.999837,121.547778/25.001447,121.539037",途經興隆路二段和景隆街,1.3 公里,5 分,1.3,5
"24.999837,121.547778/25.001545,121.536446",途經景豐街,1.6 公里,6 分,1.6,6
"24.999837,121.547778/25.001545,121.536446",途經興隆路二段和景隆街,1.4 公里,5 分,1.4,5
"24.999837,121.547778/25.004023,121.54074",途經景豐街,1.1 公里,4 分,1.1,4
"24.999837,121.547778/25.004023,121.54074",途經興隆路一段,1.1 公里,4 分,1.1,4
"24.999837,121.547778/25.004023,121.54074",途經興隆路二段和興隆路一段,1.1 公里,4 分,1.1,4
"24.999837,121.547778/25.005386,121.55716",途經興隆路二段,1.5 公里,8 分,1.5,8
"25.001447,121.539037/24.97848,121.55545",途經興隆路三段,5.6 公里,20 分,5.6,20
"25.001447,121.539037/24.97848,121.55545",途經萬隆街,6.3 公里,19 分,6.3,19
"25.001447,121.539037/24.9856,121.54531",途經萬隆街,3.2 公里,10 分,3.2,10
"25.001447,121.539037/24.986301,121.567855",途經106縣道,6.4 公里,22 分,6.4,22
"25.001447,121.539037/24.986301,121.567855",途經興隆路三段,4.7 公里,17 分,4.7,17
"25.001447,121.539037/24.986301,121.567855",途經萬隆街,7.6 公里,23 分,7.6,23
"25.001447,121.539037/24.98862,121.54361",途經台9線和景美街,1.8 公里,7 分,1.8,7
"25.001447,121.539037/24.98862,121.54361",途經景美街,1.8 公里,8 分,1.8,8
"25.001447,121.539037/24.98862,121.54361",途經萬隆街,2.6 公里,9 分,2.6,9
"25.001447,121.539037/24.995563,121.547092",途經台9線和景華街,1.4 公里,5 分,1.4,5
"25.001447,121.539037/24.995563,121.547092",途經景隆街,1.3 公里,5 分,1.3,5
"25.001447,121.539037/24.995563,121.547092",途經羅斯福路六段159巷1弄,1.4 公里,6 分,1.4,6
"25.001447,121.539037/24.9966,121.540295",途經台9線,600 公尺,2 分,0.6,2
"25.001447,121.539037/24.9966,121.540295",途經台9線和景福街3巷,600 公尺,2 分,0.6,2
"25.001447,121.539037/24.9966,121.540295",途經景福街3巷,600 公尺,2 分,0.6,2
"25.001545,121.536446/24.97848,121.55545",途經汀洲路四段,5.9 公里,18 分,5.9,18
"25.001545,121.536446/24.9856,121.54531",途經汀洲路四段,2.8 公里,9 分,2.8,9
"25.001545,121.536446/24.986301,121.567855",途經106縣道,6.0 公里,21 分,6.0,21
"25.001545,121.536446/24.986301,121.567855",途經保儀路,7.2 公里,22 分,7.2,22
"25.001545,121.536446/24.986301,121.567855",途經興隆路三段,5.0 公里,18 分,5.0,18
"25.001545,121.536446/24.98862,121.54361",途經景美堤便,2.4 公里,10 分,2.4,10
"25.001545,121.536446/24.98862,121.54361",途經汀洲路四段,2.3 公里,8 分,2.3,8
"25.001545,121.536446/24.98862,121.54361",途經羅斯福路六段/台9線和景美街,2.1 公里,9 分,2.1,9
"25.001545,121.536446/24.995563,121.547092",途經景隆街,1.6 公里,6 分,1.6,6
"25.001545,121.536446/24.995563,121.547092",途經羅斯福路六段/台9線和景華街,1.7 公里,7 分,1.7,7
"25.001545,121.536446/24.995563,121.547092",途經萬隆街,1.7 公里,7 分,1.7,7
"25.001545,121.536446/24.9966,121.540295",途經萬隆街,800 公尺,3 分,0.8,3
"25.001545,121.536446/24.9966,121.540295",途經萬隆街和羅斯福路六段/台9線,900 公尺,3 分,0.9,3
"25.001545,121.536446/24.9966,121.540295",途經萬隆街和羅斯福路六段142巷20弄,850 公尺,3 分,0.85,3
"25.001545,121.536446/25.001447,121.539037",途經羅斯福路五段218巷,400 公尺,2 分,0.4,2
"25.001545,121.536446/25.001447,121.539037",途經羅斯福路五段236巷,350 公尺,2 分,0.35,2
"25.004023,121.54074/24.97848,121.55545",途經寶中路,5.5 公里,22 分,5.5,22
"25.004023,121.54074/24.97848,121.55545",途經景興路,5.8 公里,20 分,5.8,20
"25.004023,121.54074/24.97848,121.55545",途經汀洲路四段,6.5 公里,21 分,6.5,21
"25.004023,121.54074/24.980602,121.556177",途經景興路,5.8 公里,20 分,5.8,20
"25.004023,121.54074/24.980602,121.556177",途經汀洲路四段,6.6 公里,22 分,6.6,22
"25.004023,121.54074/24.980602,121.556177",途經辛亥路七段,5.9 公里,20 分,5.9,20
"25.004023,121.54074/24.984144,121.569064",途經106縣道,7.0 公里,25 分,7.0,25
"25.004023,121.54074/24.984144,121.569064",途經汀洲路四段,8.0 公里,26 分,8.0,26
"25.004023,121.54074/24.984144,121.569064",途經萬芳路,6.1 公里,21 分,6.1,21
"25.004023,121.54074/24.984707,121.563125",途經忠順街一段,6.2 公里,21 分,6.2,21
"25.004023,121.54074/24.984707,121.563125",途經景興路,6.8 公里,24 分,6.8,24
"25.004023,121.54074/24.984707,121.563125",途經汀洲路四段,7.5 公里,25 分,7.5,25
"25.004023,121.54074/24.9856,121.54531",途經汀洲路四段,3.5 公里,12 分,3.5,12
"25.004023,121.54074/24.9856,121.54531",途經興隆路一段和景興路,2.7 公里,11 分,2.7,11
"25.004023,121.54074/24.986301,121.567855",途經106縣道,6.6 公里,24 分,6.6,24
"25.004023,121.54074/24.986301,121.567855",途經保儀路,7.8 公里,25 分,7.8,25
"25.004023,121.54074/24.986301,121.567855",途經景興路,7.1 公里,24 分,7.1,24
"25.004023,121.54074/24.987144,121.560627",途經106縣道,5.7 公里,20 分,5.7,20
"25.004023,121.54074/24.987144,121.560627",途經景興路,4.9 公里,18 分,4.9,18
"25.004023,121.54074/24.987144,121.560627",途經興隆路二段和興隆路三段,3.7 公里,14 分,3.7,14
"25.004023,121.54074/24.987507,121.549827",途經景興路,3.8 公里,14 分,3.8,14
"25.004023,121.54074/24.987507,121.549827",途經汀洲路四段,4.5 公里,15 分,4.5,15
"25.004023,121.54074/24.987507,121.549827",途經興隆路二段和興隆路三段,4.6 公里,16 分,4.6,16
"25.004023,121.54074/24.988241,121.55561",途經景興路,4.3 公里,16 分,4.3,16
"25.004023,121.54074/24.988241,121.55561",途經木柵路一段/106縣道,5.0 公里,17 分,5.0,17
"25.004023,121.54074/24.988241,121.55561",途經興隆路二段和興隆路三段,4.0 公里,14 分,4.0,14
"25.004023,121.54074/24.988363,121.576536",途經汀洲路四段,9.1 公里,30 分,9.1,30
"25.004023,121.54074/24.988363,121.576536",途經羅斯福路五段218巷和汀洲路四段,9.4 公里,31 分,9.4,31
"25.004023,121.54074/24.988363,121.576536",途經萬芳路,5.5 公里,20 分,5.5,20
"25.004023,121.54074/24.98862,121.54361",途經景美街,2.0 公里,9 分,2.0,9
"25.004023,121.54074/24.98862,121.54361",途經汀洲路四段,2.9 公里,11 分,2.9,11
"25.004023,121.54074/24.98862,121.54361",途經興隆路一段和景興路,2.1 公里,8 分,2.1,8
"25.004023,121.54074/24.989902,121.569984",途經106縣道,6.7 公里,23 分,6.7,23
"25.004023,121.54074/24.989902,121.569984",途經汀洲路四段,9.1 公里,29 分,9.1,29
"25.004023,121.54074/24.989902,121.569984",途經萬芳路,4.8 公里,17 分,4.8,17
"25.004023,121.54074/24.995563,121.547092",途經興隆路一段,1.3 公里,5 分,1.3,5
"25.004023,121.54074/24.995563,121.547092",途經興隆路一段和景興路,1.4 公里,6 分,1.4,6
"25.004023,121.54074/24.995563,121.547092",途經興隆路一段和景華街,1.5 公里,6 分,1.5,6
"25.004023,121.54074/24.9966,121.540295",途經台9線,1.0 公里,5 分,1.0,5
"25.004023,121.54074/24.9966,121.540295",途經興隆路一段70巷,950 公尺,5 分,0.95,5
"25.004023,121.54074/24.9966,121.540295",途經興隆路一段70巷和羅斯福路六段/台9線,950 公尺,5 分,0.95,5
"25.004023,121.54074/24.996842,121.559651",途經興隆路一段和興隆路二段,2.5 公里,9 分,2.5,9
"25.004023,121.54074/24.996842,121.559651",途經興順街,2.5 公里,11 分,2.5,11
"25.004023,121.54074/24.997659,121.578752",途經106縣道,7.8 公里,26 分,7.8,26
"25.004023,121.54074/24.997659,121.578752",途經新光路二段,10.0 公里,33 分,10.0,33
"25.004023,121.54074/24.997659,121.578752",途經萬芳路,5.7 公里,20 分,5.7,20
"25.004023,121.54074/24.997996,121.57444",途經106縣道,7.5 公里,25 分,7.5,25
"25.004023,121.54074/24.997996,121.57444",途經木柵路四段/106縣道,9.6 公里,30 分,9.6,30
"25.004023,121.54074/24.997996,121.57444",途經萬芳路,4.6 公里,17 分,4.6,17
"25.004023,121.54074/24.998811,121.56789",途經興隆路二段,3.4 公里,13 分,3.4,13
"25.004023,121.54074/24.998811,121.56789",途經萬芳路,3.7 公里,14 分,3.7,14
"25.004023,121.54074/25.001447,121.539037",途經興隆路一段70巷和羅斯福路五段211巷,400 公尺,3 分,0.4,3
"25.004023,121.54074/25.001447,121.539037",途經興隆路一段和羅斯福路五段/台9線,550 公尺,2 分,0.55,2
"25.004023,121.54074/25.001545,121.536446",途經羅斯福路五段218巷,600 公尺,3 分,0.6,3
"25.004023,121.54074/25.001545,121.536446",途經興隆路一段、羅斯福路五段/台9線和羅斯福路五段218巷,750 公尺,3 分,0.75,3
"25.004023,121.54074/25.005386,121.55716",途經興隆路一段和興隆路二段,2.6 公里,10 分,2.6,10
"25.004023,121.54074/25.005386,121.55716",途經興隆路二段,2.6 公里,12 分,2.6,12
"25.005386,121.55716/24.97848,121.55545",途經興隆路三段,4.3 公里,15 分,4.3,15
"25.005386,121.55716/24.97848,121.55545",途經辛亥路七段,3.4 公里,13 分,3.4,13
"25.005386,121.55716/24.97848,121.55545",途經辛亥路五段,5.0 公里,17 分,5.0,17
"25.005386,121.55716/24.984144,121.569064",途經興隆路三段和106縣道,4.4 公里,15 分,4.4,15
"25.005386,121.55716/24.984144,121.569064",途經興隆路三段和興隆路四段,3.7 公里,14 分,3.7,14
"25.005386,121.55716/24.984144,121.569064",途經萬芳路,4.8 公里,17 分,4.8,17
"25.005386,121.55716/24.984707,121.563125",途經忠順街一段,3.7 公里,14 分,3.7,14
"25.005386,121.55716/24.984707,121.563125",途經興隆路三段和興隆路四段,2.9 公里,11 分,2.9,11
"25.005386,121.55716/24.984707,121.563125",途經辛亥路五段,3.6 公里,14 分,3.6,14
"25.005386,121.55716/24.9856,121.54531",途經景興路,3.7 公里,14 分,3.7,14
"25.005386,121.55716/24.9856,121.54531",途經景華街,4.2 公里,16 分,4.2,16
"25.005386,121.55716/24.9856,121.54531",途經興隆路二段和景興路,3.7 公里,14 分,3.7,14
"25.005386,121.55716/24.986301,121.567855",途經興隆路三段,3.4 公里,12 分,3.4,12
"25.005386,121.55716/24.986301,121.567855",途經萬芳路,4.0 公里,15 分,4.0,15
"25.005386,121.55716/24.986301,121.567855",途經辛亥路四段和興隆路三段,3.3 公里,12 分,3.3,12
"25.005386,121.55716/24.987144,121.560627",途經興隆路三段,2.4 公里,9 分,2.4,9
"25.005386,121.55716/24.98862,121.54361",途經景興路,3.1 公里,12 分,3.1,12
"25.005386,121.55716/24.98862,121.54361",途經興隆路二段203巷和景興路,3.6 公里,14 分,3.6,14
"25.005386,121.55716/24.98862,121.54361",途經興隆路二段和景興路,3.1 公里,11 分,3.1,11
"25.005386,121.55716/24.995563,121.547092",途經興隆路二段,2.3 公里,8 分,2.3,8
"25.005386,121.55716/24.995563,121.547092",途經辛亥路四段,2.1 公里,10 分,2.1,10
"25.005386,121.55716/24.995563,121.547092",途經辛亥路四段和仙岩路,1.9 公里,7 分,1.9,7
"25.005386,121.55716/24.9966,121.540295",途經景華街,2.7 公里,10 分,2.7,10
"25.005386,121.55716/24.9966,121.540295",途經興隆路二段,2.6 公里,9 分,2.6,9
"25.005386,121.55716/24.9966,121.540295",途經辛亥路四段和興隆路二段,2.6 公里,9 分,2.6,9
"25.005386,121.55716/24.998811,121.56789",途經萬芳路,2.3 公里,9 分,2.3,9
"25.005386,121.55716/24.998811,121.56789",途經辛亥路四段、興隆路三段和萬芳路,2.2 公里,8 分,2.2,8
"25.005386,121.55716/25.001447,121.539037",途經興隆路二段,2.6 公里,9 分,2.6,9
"25.005386,121.55716/25.001447,121.539037",途經興隆路二段203巷,2.7 公里,10 分,2.7,10
"25.005386,121.55716/25.001447,121.539037",途經辛亥路四段,3.0 公里,12 分,3.0,12
"25.005386,121.55716/25.001545,121.536446",途經興隆路二段,2.8 公里,9 分,2.8,9
"25.005386,121.55716/25.001545,121.536446",途經興隆路二段203巷,2.9 公里,11 分,2.9,11
"25.005386,121.55716/25.001545,121.536446",途經辛亥路四段,3.1 公里,12 分,3.1,12
"25.007528,121.537188/24.97848,121.55545",途經汀洲路四段,6.5 公里,19 分,6.5,19
"25.007528,121.537188/24.980602,121.556177",途經汀洲路四段,6.6 公里,20 分,6.6,20
"25.007528,121.537188/24.980602,121.556177",途經辛亥路七段,5.9 公里,18 分,5.9,18
"25.007528,121.537188/24.984144,121.569064",途經106縣道,7.0 公里,24 分,7.0,24
"25.007528,121.537188/24.984144,121.569064",途經汀洲路四段,8.0 公里,24 分,8.0,24
"25.007528,121.537188/24.984144,121.569064",途經汀洲路四段和木柵路一段/106縣道,7.0 公里,23 分,7.0,23
"25.007528,121.537188/24.984707,121.563125",途經忠順街一段,6.2 公里,19 分,6.2,19
"25.007528,121.537188/24.984707,121.563125",途經汀洲路四段,7.5 公里,23 分,7.5,23
"25.007528,121.537188/24.984707,121.563125",途經汀洲路四段和忠順街一段,6.5 公里,24 分,6.5,24
"25.007528,121.537188/24.9856,121.54531",途經汀洲路四段,3.5 公里,10 分,3.5,10
"25.007528,121.537188/24.986301,121.567855",途經106縣道,6.6 公里,22 分,6.6,22
"25.007528,121.537188/24.986301,121.567855",途經汀洲路四段,7.8 公里,24 分,7.8,24
"25.007528,121.537188/24.986301,121.567855",途經興隆路三段,5.5 公里,20 分,5.5,20
"25.007528,121.537188/24.987144,121.560627",途經106縣道,5.7 公里,18 分,5.7,18
"25.007528,121.537188/24.987507,121.549827",途經汀洲路四段,4.5 公里,14 分,4.5,14
"25.007528,121.537188/24.988241,121.55561",途經汀洲路四段,5.0 公里,15 分,5.0,15
"25.007528,121.537188/24.988363,121.576536",途經106縣道,7.6 公里,24 分,7.6,24
"25.007528,121.537188/24.988363,121.576536",途經汀州路四段和汀洲路四段,9.4 公里,29 分,9.4,29
"25.007528,121.537188/24.988363,121.576536",途經汀洲路四段,9.1 公里,28 分,9.1,28
"25.007528,121.537188/24.98862,121.54361",途經台9線和景美街,2.6 公里,10 分,2.6,10
"25.007528,121.537188/24.98862,121.54361",途經汀洲路四段,2.9 公里,9 分,2.9,9
"25.007528,121.537188/24.989902,121.569984",途經106縣道,6.7 公里,21 分,6.7,21
"25.007528,121.537188/24.989902,121.569984",途經汀洲路四段,9.1 公里,28 分,9.1,28
"25.007528,121.537188/24.993254,121.541059",途經台9線,1.9 公里,8 分,1.9,8
"25.007528,121.537188/24.993254,121.541059",途經汀洲路四段和景福街,2.0 公里,7 分,2.0,7
"25.007528,121.537188/24.995563,121.547092",途經台9線,2.2 公里,8 分,2.2,8
"25.007528,121.537188/24.995563,121.547092",途經台9線和景華街,2.2 公里,8 分,2.2,8
"25.007528,121.537188/24.995563,121.547092",途經汀洲路四段,2.5 公里,9 分,2.5,9
"25.007528,121.537188/24.9966,121.540295",途經台9線,1.4 公里,5 分,1.4,5
"25.007528,121.537188/24.9966,121.540295",途經汀州路四段,1.6 公里,5 分,1.6,5
"25.007528,121.537188/24.9966,121.540295",途經汀州路四段和萬隆街,1.7 公里,6 分,1.7,6
"25.007528,121.537188/24.996842,121.559651",途經汀州路四段,3.7 公里,15 分,3.7,15
"25.007528,121.537188/24.996842,121.559651",途經興隆路一段,3.2 公里,12 分,3.2,12
"25.007528,121.537188/24.996842,121.559651",途經興隆路二段,3.4 公里,12 分,3.4,12
"25.007528,121.537188/24.997659,121.578752",途經106縣道,7.8 公里,25 分,7.8,25
"25.007528,121.537188/24.997659,121.578752",途經新光路二段,10.0 公里,31 分,10.0,31
"25.007528,121.537188/24.997996,121.57444",途經106縣道,7.5 公里,23 分,7.5,23
"25.007528,121.537188/24.997996,121.57444",途經汀洲路四段,9.6 公里,28 分,9.6,28
"25.007528,121.537188/24.997996,121.57444",途經萬芳路,5.4 公里,20 分,5.4,20
"25.007528,121.537188/24.998811,121.56789",途經興隆路二段,4.3 公里,16 分,4.3,16
"25.007528,121.537188/24.998811,121.56789",途經萬芳路,4.6 公里,18 分,4.6,18
"25.007528,121.537188/24.999378,121.540197",途經汀州路四段,1.5 公里,6 分,1.5,6
"25.007528,121.537188/24.999378,121.540197",途經汀州路四段和萬隆街,1.5 公里,7 分,1.5,7
"25.007528,121.537188/24.999378,121.540197",途經羅斯福路五段150巷和台9線,1.2 公里,5 分,1.2,5
"25.007528,121.537188/24.999837,121.547778",途經台9線,2.1 公里,8 分,2.1,8
"25.007528,121.537188/24.999837,121.547778",途經汀州路四段,2.2 公里,8 分,2.2,8
"25.007528,121.537188/24.999837,121.547778",途經興隆路一段,1.7 公里,7 分,1.7,7
"25.007528,121.537188/25.001447,121.539037",途經汀州路四段,1.0 公里,4 分,1.0,4
"25.007528,121.537188/25.001447,121.539037",途經羅斯福路五段/台9線,850 公尺,3 分,0.85,3
"25.007528,121.537188/25.001447,121.539037",途經羅斯福路五段150巷和羅斯福路五段/台9線,800 公尺,3 分,0.8,3
"25.007528,121.537188/25.001545,121.536446",途經汀州路四段,750 公尺,3 分,0.75,3
"25.007528,121.537188/25.001545,121.536446",途經汀州路四段和汀洲路四段/溪洲街,800 公尺,3 分,0.8,3
"25.007528,121.537188/25.004023,121.54074",途經汀州路四段,1.3 公里,5 分,1.3,5
"25.007528,121.537188/25.004023,121.54074",途經羅斯福路五段/台9線,800 公尺,4 分,0.8,4
"25.007528,121.537188/25.004023,121.54074",途經羅斯福路五段150巷,750 公尺,4 分,0.75,4
"25.007528,121.537188/25.005386,121.55716",途經汀州路四段和興隆路二段,3.7 公里,16 分,3.7,16
"25.007528,121.537188/25.005386,121.55716",途經興隆路二段,3.4 公里,13 分,3.4,13
"25.007528,121.537188/25.005386,121.55716",途經辛亥路四段,3.9 公里,14 分,3.9,14
